STATE/UT,Crime head,Male Below 18 Years,Female Below 18 Years,Male Between 18-30 Years,Female Between 18-30 Years,Male Between 30-45 Years,Female Between 30-45 Years,Male Between 45-60 Years,Female Between 45-60 Years,Male Above 60 Years,Female Above 60 Years,Total Male,Total Female,Grand Total
ANDHRA PRADESH,RAPE (SECTION 376 IPC),81,0,993,77,347,31,111,16,8,0,1540,124,1664
ARUNACHAL PRADESH,RAPE (SECTION 376 IPC),2,0,41,0,4,0,0,0,0,0,47,0,47
ASSAM,RAPE (SECTION 376 IPC),58,0,746,0,642,2,178,0,0,0,1624,2,1626
BIHAR,RAPE (SECTION 376 IPC),31,0,829,0,416,0,49,0,2,0,1327,0,1327
CHHATTISGARH,RAPE (SECTION 376 IPC),0,0,115,19,505,0,575,0,0,0,1195,19,1214
GOA,RAPE (SECTION 376 IPC),2,0,42,3,9,0,4,0,1,0,58,3,61
GUJARAT,RAPE (SECTION 376 IPC),23,0,406,5,163,11,34,3,2,0,628,19,647
HARYANA,RAPE (SECTION 376 IPC),44,1,569,16,234,20,46,4,5,1,898,42,940
HIMACHAL PRADESH,RAPE (SECTION 376 IPC),13,0,151,4,69,6,12,2,2,0,247,12,259
JAMMU & KASHMIR,RAPE (SECTION 376 IPC),3,0,210,11,123,16,21,3,1,0,358,30,388
JHARKHAND,RAPE (SECTION 376 IPC),24,0,512,10,186,6,38,4,0,0,760,20,780
KARNATAKA,RAPE (SECTION 376 IPC),13,0,437,25,233,29,89,5,10,1,782,60,842
KERALA,RAPE (SECTION 376 IPC),30,0,578,4,455,15,150,0,27,0,1240,19,1259
MADHYA PRADESH,RAPE (SECTION 376 IPC),279,5,2807,52,1239,42,351,12,32,3,4708,114,4822
MAHARASHTRA,RAPE (SECTION 376 IPC),104,2,1507,63,612,86,156,42,17,2,2396,195,2591
MANIPUR,RAPE (SECTION 376 IPC),0,0,22,2,16,2,4,0,0,0,42,4,46
MEGHALAYA,RAPE (SECTION 376 IPC),25,0,89,0,50,1,16,0,1,0,181,1,182
MIZORAM,RAPE (SECTION 376 IPC),21,0,43,0,45,0,12,0,1,0,122,0,122
NAGALAND,RAPE (SECTION 376 IPC),2,0,15,0,5,1,2,0,1,0,25,1,26
ODISHA,RAPE (SECTION 376 IPC),86,1,959,16,432,30,130,8,4,0,1611,55,1666
PUNJAB,RAPE (SECTION 376 IPC),15,1,436,36,269,44,88,6,0,0,808,87,895
RAJASTHAN,RAPE (SECTION 376 IPC),109,0,1026,24,540,9,89,6,4,0,1768,39,1807
SIKKIM,RAPE (SECTION 376 IPC),0,0,15,0,10,0,4,0,0,0,29,0,29
TAMIL NADU,RAPE (SECTION 376 IPC),30,0,568,4,239,25,84,6,5,1,926,36,962
TRIPURA,RAPE (SECTION 376 IPC),23,0,120,0,54,0,4,1,0,0,201,1,202
UTTAR PRADESH,RAPE (SECTION 376 IPC),123,0,2339,3,963,7,151,7,0,0,3576,17,3593
UTTARAKHAND,RAPE (SECTION 376 IPC),10,0,110,1,56,0,7,0,0,0,183,1,184
WEST BENGAL,RAPE (SECTION 376 IPC),89,0,1141,0,547,0,165,0,21,0,1963,0,1963
TOTAL (STATES),RAPE (SECTION 376 IPC),1240,10,16826,375,8463,383,2570,125,144,8,29243,901,30144
ANDAMAN & NICOBAR ISLANDS,RAPE (SECTION 376 IPC),0,0,11,1,4,1,0,0,0,0,15,2,17
CHANDIGARH,RAPE (SECTION 376 IPC),3,0,21,0,7,1,2,0,0,0,33,1,34
DADRA & NAGAR HAVELI,RAPE (SECTION 376 IPC),0,0,4,0,1,0,0,0,0,0,5,0,5
DAMAN & DIU,RAPE (SECTION 376 IPC),0,0,8,1,0,0,1,0,0,0,9,1,10
NCT OF DELHI,RAPE (SECTION 376 IPC),62,1,549,21,207,19,25,3,5,0,848,44,892
LAKSHADWEEP,RAPE (SECTION 376 IPC),0,0,0,0,0,0,0,0,0,0,0,0,0
PUDUCHERRY,RAPE (SECTION 376 IPC),0,0,12,0,3,0,0,0,0,0,15,0,15
TOTAL (UTs),RAPE (SECTION 376 IPC),65,1,605,23,222,21,28,3,5,0,925,48,973
TOTAL (ALL-INDIA),RAPE (SECTION 376 IPC),1305,11,17431,398,8685,404,2598,128,149,8,30168,949,31117
ANDHRA PRADESH,"KIDNAPPING AND ABDUCTION (SECTION 363 TO 369, 371 TO 373 IPC)",56,3,1018,57,420,49,131,16,13,1,1638,126,1764
ARUNACHAL PRADESH,"KIDNAPPING AND ABDUCTION (SECTION 363 TO 369, 371 TO 373 IPC)",0,0,27,0,22,0,0,0,0,0,49,0,49
ASSAM,"KIDNAPPING AND ABDUCTION (SECTION 363 TO 369, 371 TO 373 IPC)",52,0,1185,13,1125,26,282,1,5,0,2649,40,2689
BIHAR,"KIDNAPPING AND ABDUCTION (SECTION 363 TO 369, 371 TO 373 IPC)",91,0,2546,51,1342,62,503,11,33,0,4515,124,4639
CHHATTISGARH,"KIDNAPPING AND ABDUCTION (SECTION 363 TO 369, 371 TO 373 IPC)",53,11,243,21,92,8,8,5,0,0,396,45,441
GOA,"KIDNAPPING AND ABDUCTION (SECTION 363 TO 369, 371 TO 373 IPC)",0,0,10,0,2,0,0,0,0,0,12,0,12
GUJARAT,"KIDNAPPING AND ABDUCTION (SECTION 363 TO 369, 371 TO 373 IPC)",43,10,1200,48,435,36,142,16,8,1,1828,111,1939
HARYANA,"KIDNAPPING AND ABDUCTION (SECTION 363 TO 369, 371 TO 373 IPC)",14,0,438,13,138,13,39,4,1,0,630,30,660
HIMACHAL PRADESH,"KIDNAPPING AND ABDUCTION (SECTION 363 TO 369, 371 TO 373 IPC)",2,0,70,5,36,5,10,2,1,0,119,12,131
JAMMU & KASHMIR,"KIDNAPPING AND ABDUCTION (SECTION 363 TO 369, 371 TO 373 IPC)",5,0,486,18,348,12,14,1,0,0,853,31,884
JHARKHAND,"KIDNAPPING AND ABDUCTION (SECTION 363 TO 369, 371 TO 373 IPC)",13,2,519,26,313,17,96,11,3,0,944,56,1000
KARNATAKA,"KIDNAPPING AND ABDUCTION (SECTION 363 TO 369, 371 TO 373 IPC)",4,1,525,17,287,33,127,21,19,1,962,73,1035
KERALA,"KIDNAPPING AND ABDUCTION (SECTION 363 TO 369, 371 TO 373 IPC)",10,0,166,2,54,5,12,3,1,0,243,10,253
MADHYA PRADESH,"KIDNAPPING AND ABDUCTION (SECTION 363 TO 369, 371 TO 373 IPC)",72,1,970,21,405,33,134,2,10,0,1591,57,1648
MAHARASHTRA,"KIDNAPPING AND ABDUCTION (SECTION 363 TO 369, 371 TO 373 IPC)",33,0,932,88,391,124,155,36,11,5,1522,253,1775
MANIPUR,"KIDNAPPING AND ABDUCTION (SECTION 363 TO 369, 371 TO 373 IPC)",0,0,62,9,16,2,9,3,0,0,87,14,101
MEGHALAYA,"KIDNAPPING AND ABDUCTION (SECTION 363 TO 369, 371 TO 373 IPC)",0,1,3,0,2,0,0,0,0,0,5,1,6
MIZORAM,"KIDNAPPING AND ABDUCTION (SECTION 363 TO 369, 371 TO 373 IPC)",0,0,2,1,0,0,0,0,0,0,2,1,3
NAGALAND,"KIDNAPPING AND ABDUCTION (SECTION 363 TO 369, 371 TO 373 IPC)",0,0,7,0,0,0,0,0,0,0,7,0,7
ODISHA,"KIDNAPPING AND ABDUCTION (SECTION 363 TO 369, 371 TO 373 IPC)",12,1,704,49,413,68,93,7,0,0,1222,125,1347
PUNJAB,"KIDNAPPING AND ABDUCTION (SECTION 363 TO 369, 371 TO 373 IPC)",8,0,346,59,198,38,68,14,0,0,620,111,731
RAJASTHAN,"KIDNAPPING AND ABDUCTION (SECTION 363 TO 369, 371 TO 373 IPC)",68,0,875,37,389,44,132,11,8,1,1472,93,1565
SIKKIM,"KIDNAPPING AND ABDUCTION (SECTION 363 TO 369, 371 TO 373 IPC)",0,0,5,0,3,0,0,0,0,0,8,0,8
TAMIL NADU,"KIDNAPPING AND ABDUCTION (SECTION 363 TO 369, 371 TO 373 IPC)",5,0,864,25,429,58,123,38,13,2,1434,123,1557
TRIPURA,"KIDNAPPING AND ABDUCTION (SECTION 363 TO 369, 371 TO 373 IPC)",2,0,82,8,25,1,2,0,0,0,111,9,120
UTTAR PRADESH,"KIDNAPPING AND ABDUCTION (SECTION 363 TO 369, 371 TO 373 IPC)",82,4,13105,217,5357,218,1511,37,34,0,20089,476,20565
UTTARAKHAND,"KIDNAPPING AND ABDUCTION (SECTION 363 TO 369, 371 TO 373 IPC)",15,2,122,7,86,6,4,0,0,0,227,15,242
WEST BENGAL,"KIDNAPPING AND ABDUCTION (SECTION 363 TO 369, 371 TO 373 IPC)",51,9,1496,101,1060,143,382,67,37,6,3026,326,3352
TOTAL (STATES),"KIDNAPPING AND ABDUCTION (SECTION 363 TO 369, 371 TO 373 IPC)",691,45,28008,893,13388,1001,3977,306,197,17,46261,2262,48523
ANDAMAN & NICOBAR ISLANDS,"KIDNAPPING AND ABDUCTION (SECTION 363 TO 369, 371 TO 373 IPC)",0,0,5,0,2,0,0,0,0,0,7,0,7
CHANDIGARH,"KIDNAPPING AND ABDUCTION (SECTION 363 TO 369, 371 TO 373 IPC)",0,0,28,0,16,0,3,1,0,0,47,1,48
DADRA & NAGAR HAVELI,"KIDNAPPING AND ABDUCTION (SECTION 363 TO 369, 371 TO 373 IPC)",3,0,8,0,0,0,0,0,0,0,11,0,11
DAMAN & DIU,"KIDNAPPING AND ABDUCTION (SECTION 363 TO 369, 371 TO 373 IPC)",0,0,0,0,0,0,0,0,0,0,0,0,0
NCT OF DELHI,"KIDNAPPING AND ABDUCTION (SECTION 363 TO 369, 371 TO 373 IPC)",9,1,327,19,90,21,2,7,2,0,430,48,478
LAKSHADWEEP,"KIDNAPPING AND ABDUCTION (SECTION 363 TO 369, 371 TO 373 IPC)",0,0,0,0,0,0,0,0,0,0,0,0,0
PUDUCHERRY,"KIDNAPPING AND ABDUCTION (SECTION 363 TO 369, 371 TO 373 IPC)",0,0,11,0,5,0,0,0,0,0,16,0,16
TOTAL (UTs),"KIDNAPPING AND ABDUCTION (SECTION 363 TO 369, 371 TO 373 IPC)",12,1,379,19,113,21,5,8,2,0,511,49,560
TOTAL (ALL-INDIA),"KIDNAPPING AND ABDUCTION (SECTION 363 TO 369, 371 TO 373 IPC)",703,46,28387,912,13501,1022,3982,314,199,17,46772,2311,49083
ANDHRA PRADESH,DOWRY DEATHS (SECTION 304B IPC),1,2,439,93,313,108,178,99,23,11,954,313,1267
ARUNACHAL PRADESH,DOWRY DEATHS (SECTION 304B IPC),0,0,0,0,2,0,0,0,0,0,2,0,2
ASSAM,DOWRY DEATHS (SECTION 304B IPC),0,0,40,5,108,8,49,3,2,0,199,16,215
BIHAR,DOWRY DEATHS (SECTION 304B IPC),3,13,1462,209,1125,243,525,301,82,31,3197,797,3994
CHHATTISGARH,DOWRY DEATHS (SECTION 304B IPC),0,1,107,9,41,16,17,17,2,1,167,44,211
GOA,DOWRY DEATHS (SECTION 304B IPC),0,0,0,0,0,0,0,0,0,0,0,0,0
GUJARAT,DOWRY DEATHS (SECTION 304B IPC),0,0,16,3,12,1,3,3,0,0,31,7,38
HARYANA,DOWRY DEATHS (SECTION 304B IPC),1,1,157,15,130,40,71,50,12,4,371,110,481
HIMACHAL PRADESH,DOWRY DEATHS (SECTION 304B IPC),0,0,1,0,0,1,0,1,1,0,2,2,4
JAMMU & KASHMIR,DOWRY DEATHS (SECTION 304B IPC),0,0,8,2,7,3,1,2,0,0,16,7,23
JHARKHAND,DOWRY DEATHS (SECTION 304B IPC),0,0,228,24,124,34,16,6,6,6,374,70,444
KARNATAKA,DOWRY DEATHS (SECTION 304B IPC),1,0,151,22,140,55,85,63,14,8,391,148,539
KERALA,DOWRY DEATHS (SECTION 304B IPC),0,0,9,0,20,1,3,4,0,1,32,6,38
MADHYA PRADESH,DOWRY DEATHS (SECTION 304B IPC),22,3,709,172,530,239,229,153,61,24,1551,591,2142
MAHARASHTRA,DOWRY DEATHS (SECTION 304B IPC),1,5,332,112,297,127,142,77,31,17,803,338,1141
MANIPUR,DOWRY DEATHS (SECTION 304B IPC),0,0,0,0,0,0,0,0,0,0,0,0,0
MEGHALAYA,DOWRY DEATHS (SECTION 304B IPC),0,0,0,0,2,1,0,1,0,0,2,2,4
MIZORAM,DOWRY DEATHS (SECTION 304B IPC),0,0,0,0,0,0,0,0,0,0,0,0,0
NAGALAND,DOWRY DEATHS (SECTION 304B IPC),0,0,0,0,0,0,0,0,0,0,0,0,0
ODISHA,DOWRY DEATHS (SECTION 304B IPC),0,0,268,64,304,94,107,46,13,7,692,211,903
PUNJAB,DOWRY DEATHS (SECTION 304B IPC),0,0,81,23,74,34,44,17,0,1,199,75,274
RAJASTHAN,DOWRY DEATHS (SECTION 304B IPC),1,1,291,15,170,33,56,48,9,7,527,104,631
SIKKIM,DOWRY DEATHS (SECTION 304B IPC),0,0,2,0,3,2,1,1,0,0,6,3,9
TAMIL NADU,DOWRY DEATHS (SECTION 304B IPC),0,0,86,13,81,28,39,25,4,2,210,68,278
TRIPURA,DOWRY DEATHS (SECTION 304B IPC),0,0,25,4,44,9,1,2,2,0,72,15,87
UTTAR PRADESH,DOWRY DEATHS (SECTION 304B IPC),9,3,4148,626,2434,568,1447,391,253,5,8291,1593,9884
UTTARAKHAND,DOWRY DEATHS (SECTION 304B IPC),0,0,45,2,65,10,13,11,1,0,124,23,147
WEST BENGAL,DOWRY DEATHS (SECTION 304B IPC),1,1,308,51,441,272,170,76,19,6,939,406,1345
TOTAL (STATES),DOWRY DEATHS (SECTION 304B IPC),40,30,8913,1464,6467,1927,3197,1397,535,131,19152,4949,24101
ANDAMAN & NICOBAR ISLANDS,DOWRY DEATHS (SECTION 304B IPC),0,0,1,1,0,0,0,1,0,0,1,2,3
CHANDIGARH,DOWRY DEATHS (SECTION 304B IPC),0,0,4,0,4,2,2,2,0,0,10,4,14
DADRA & NAGAR HAVELI,DOWRY DEATHS (SECTION 304B IPC),0,0,0,0,0,0,0,0,0,0,0,0,0
DAMAN & DIU,DOWRY DEATHS (SECTION 304B IPC),0,0,0,0,0,0,0,0,0,0,0,0,0
NCT OF DELHI,DOWRY DEATHS (SECTION 304B IPC),3,0,110,16,81,35,22,22,8,3,224,76,300
LAKSHADWEEP,DOWRY DEATHS (SECTION 304B IPC),0,0,0,0,0,0,0,0,0,0,0,0,0
PUDUCHERRY,DOWRY DEATHS (SECTION 304B IPC),0,0,0,0,0,0,0,0,0,0,0,0,0
TOTAL (UTs),DOWRY DEATHS (SECTION 304B IPC),3,0,115,17,85,37,24,25,8,3,235,82,317
TOTAL (ALL-INDIA),DOWRY DEATHS (SECTION 304B IPC),43,30,9028,1481,6552,1964,3221,1422,543,134,19387,5031,24418
ANDHRA PRADESH,CRUELTY BY HUSBAND OR HIS RELATIVES (SECTION 498A IPC),4,1,7650,1390,5780,1740,2358,1511,563,254,16355,4896,21251
ARUNACHAL PRADESH,CRUELTY BY HUSBAND OR HIS RELATIVES (SECTION 498A IPC),0,0,7,0,19,0,0,0,0,0,26,0,26
ASSAM,CRUELTY BY HUSBAND OR HIS RELATIVES (SECTION 498A IPC),4,2,2141,34,2567,19,656,7,5,0,5373,62,5435
BIHAR,CRUELTY BY HUSBAND OR HIS RELATIVES (SECTION 498A IPC),12,8,2969,225,1803,515,762,456,141,72,5687,1276,6963
CHHATTISGARH,CRUELTY BY HUSBAND OR HIS RELATIVES (SECTION 498A IPC),7,5,796,198,645,241,316,207,106,60,1870,711,2581
GOA,CRUELTY BY HUSBAND OR HIS RELATIVES (SECTION 498A IPC),0,0,6,7,13,7,7,6,4,4,30,24,54
GUJARAT,CRUELTY BY HUSBAND OR HIS RELATIVES (SECTION 498A IPC),12,12,5686,1624,4997,2048,2879,1684,693,347,14267,5715,19982
HARYANA,CRUELTY BY HUSBAND OR HIS RELATIVES (SECTION 498A IPC),2,0,1355,116,891,193,547,295,150,57,2945,661,3606
HIMACHAL PRADESH,CRUELTY BY HUSBAND OR HIS RELATIVES (SECTION 498A IPC),0,0,94,43,128,72,56,70,25,17,303,202,505
JAMMU & KASHMIR,CRUELTY BY HUSBAND OR HIS RELATIVES (SECTION 498A IPC),0,0,198,39,184,79,98,31,0,5,480,154,634
JHARKHAND,CRUELTY BY HUSBAND OR HIS RELATIVES (SECTION 498A IPC),0,1,1114,115,655,115,136,58,6,7,1911,296,2207
KARNATAKA,CRUELTY BY HUSBAND OR HIS RELATIVES (SECTION 498A IPC),1,0,1204,311,1917,564,1221,612,320,167,4663,1654,6317
KERALA,CRUELTY BY HUSBAND OR HIS RELATIVES (SECTION 498A IPC),0,0,1507,277,2845,576,871,451,241,155,5464,1459,6923
MADHYA PRADESH,CRUELTY BY HUSBAND OR HIS RELATIVES (SECTION 498A IPC),41,31,3431,936,2779,1065,1400,873,354,194,8005,3099,11104
MAHARASHTRA,CRUELTY BY HUSBAND OR HIS RELATIVES (SECTION 498A IPC),47,37,6808,2749,6132,3330,3482,2706,1349,739,17818,9561,27379
MANIPUR,CRUELTY BY HUSBAND OR HIS RELATIVES (SECTION 498A IPC),0,0,6,0,11,1,2,1,0,0,19,2,21
MEGHALAYA,CRUELTY BY HUSBAND OR HIS RELATIVES (SECTION 498A IPC),0,0,6,0,6,2,0,0,0,0,12,2,14
MIZORAM,CRUELTY BY HUSBAND OR HIS RELATIVES (SECTION 498A IPC),0,0,3,0,4,0,0,0,0,0,7,0,7
NAGALAND,CRUELTY BY HUSBAND OR HIS RELATIVES (SECTION 498A IPC),0,0,0,0,0,0,0,0,0,0,0,0,0
ODISHA,CRUELTY BY HUSBAND OR HIS RELATIVES (SECTION 498A IPC),2,2,1240,370,1506,506,711,252,66,44,3525,1174,4699
PUNJAB,CRUELTY BY HUSBAND OR HIS RELATIVES (SECTION 498A IPC),1,3,786,177,659,231,294,131,3,3,1743,545,2288
RAJASTHAN,CRUELTY BY HUSBAND OR HIS RELATIVES (SECTION 498A IPC),14,1,3576,323,2899,681,1476,707,187,85,8152,1797,9949
SIKKIM,CRUELTY BY HUSBAND OR HIS RELATIVES (SECTION 498A IPC),0,0,2,0,4,0,0,0,0,0,6,0,6
TAMIL NADU,CRUELTY BY HUSBAND OR HIS RELATIVES (SECTION 498A IPC),0,1,971,323,966,580,554,428,129,67,2620,1399,4019
TRIPURA,CRUELTY BY HUSBAND OR HIS RELATIVES (SECTION 498A IPC),1,16,353,94,401,112,105,37,25,3,885,262,1147
UTTAR PRADESH,CRUELTY BY HUSBAND OR HIS RELATIVES (SECTION 498A IPC),5,6,16406,2330,9067,1707,4655,997,828,114,30961,5154,36115
UTTARAKHAND,CRUELTY BY HUSBAND OR HIS RELATIVES (SECTION 498A IPC),0,0,157,9,211,24,64,16,2,1,434,50,484
WEST BENGAL,CRUELTY BY HUSBAND OR HIS RELATIVES (SECTION 498A IPC),21,8,5667,749,5084,3825,4058,3030,345,124,15175,7736,22911
TOTAL (STATES),CRUELTY BY HUSBAND OR HIS RELATIVES (SECTION 498A IPC),174,134,64139,12439,52173,18233,26708,14566,5542,2519,148736,47891,196627
ANDAMAN & NICOBAR ISLANDS,CRUELTY BY HUSBAND OR HIS RELATIVES (SECTION 498A IPC),0,0,1,0,2,0,1,0,0,0,4,0,4
CHANDIGARH,CRUELTY BY HUSBAND OR HIS RELATIVES (SECTION 498A IPC),0,0,45,0,28,3,5,2,3,0,81,5,86
DADRA & NAGAR HAVELI,CRUELTY BY HUSBAND OR HIS RELATIVES (SECTION 498A IPC),0,0,0,0,0,0,0,0,0,0,0,0,0
DAMAN & DIU,CRUELTY BY HUSBAND OR HIS RELATIVES (SECTION 498A IPC),0,0,2,1,2,3,0,0,2,1,6,5,11
NCT OF DELHI,CRUELTY BY HUSBAND OR HIS RELATIVES (SECTION 498A IPC),0,0,609,7,339,17,25,18,6,5,979,47,1026
LAKSHADWEEP,CRUELTY BY HUSBAND OR HIS RELATIVES (SECTION 498A IPC),0,0,1,0,0,0,0,0,0,0,1,0,1
PUDUCHERRY,CRUELTY BY HUSBAND OR HIS RELATIVES (SECTION 498A IPC),0,0,1,0,2,2,1,1,0,0,4,3,7
TOTAL (UTs),CRUELTY BY HUSBAND OR HIS RELATIVES (SECTION 498A IPC),0,0,659,8,373,25,32,21,11,6,1075,60,1135
TOTAL (ALL-INDIA),CRUELTY BY HUSBAND OR HIS RELATIVES (SECTION 498A IPC),174,134,64798,12447,52546,18258,26740,14587,5553,2525,149811,47951,197762
ANDHRA PRADESH,ASSAULT ON WOMEN WITH INTENT TO OUTRAGE HER MODESTY (SECTION 354 IPC),42,1,2570,84,1569,79,403,35,51,0,4635,199,4834
ARUNACHAL PRADESH,ASSAULT ON WOMEN WITH INTENT TO OUTRAGE HER MODESTY (SECTION 354 IPC),5,0,67,0,5,0,0,0,0,0,77,0,77
ASSAM,ASSAULT ON WOMEN WITH INTENT TO OUTRAGE HER MODESTY (SECTION 354 IPC),24,0,1081,0,1048,0,92,0,5,0,2250,0,2250
BIHAR,ASSAULT ON WOMEN WITH INTENT TO OUTRAGE HER MODESTY (SECTION 354 IPC),15,0,198,0,59,0,6,0,0,0,278,0,278
CHHATTISGARH,ASSAULT ON WOMEN WITH INTENT TO OUTRAGE HER MODESTY (SECTION 354 IPC),60,0,1156,4,530,10,113,2,16,0,1875,16,1891
GOA,ASSAULT ON WOMEN WITH INTENT TO OUTRAGE HER MODESTY (SECTION 354 IPC),1,1,10,1,14,0,11,2,2,0,38,4,42
GUJARAT,ASSAULT ON WOMEN WITH INTENT TO OUTRAGE HER MODESTY (SECTION 354 IPC),27,0,650,14,314,20,85,2,5,1,1081,37,1118
HARYANA,ASSAULT ON WOMEN WITH INTENT TO OUTRAGE HER MODESTY (SECTION 354 IPC),14,0,446,2,191,3,38,1,3,0,692,6,698
HIMACHAL PRADESH,ASSAULT ON WOMEN WITH INTENT TO OUTRAGE HER MODESTY (SECTION 354 IPC),5,0,146,6,106,8,34,1,8,3,299,18,317
JAMMU & KASHMIR,ASSAULT ON WOMEN WITH INTENT TO OUTRAGE HER MODESTY (SECTION 354 IPC),2,1,891,131,1111,130,411,25,102,10,2517,297,2814
JHARKHAND,ASSAULT ON WOMEN WITH INTENT TO OUTRAGE HER MODESTY (SECTION 354 IPC),2,0,261,4,80,2,6,0,0,0,349,6,355
KARNATAKA,ASSAULT ON WOMEN WITH INTENT TO OUTRAGE HER MODESTY (SECTION 354 IPC),2,0,1341,118,1453,195,667,97,88,21,3551,431,3982
KERALA,ASSAULT ON WOMEN WITH INTENT TO OUTRAGE HER MODESTY (SECTION 354 IPC),6,0,1689,6,1719,30,616,13,87,1,4117,50,4167
MADHYA PRADESH,ASSAULT ON WOMEN WITH INTENT TO OUTRAGE HER MODESTY (SECTION 354 IPC),223,0,5039,46,2174,21,547,2,33,0,8016,69,8085
MAHARASHTRA,ASSAULT ON WOMEN WITH INTENT TO OUTRAGE HER MODESTY (SECTION 354 IPC),115,0,2514,58,1542,82,462,23,86,3,4719,166,4885
MANIPUR,ASSAULT ON WOMEN WITH INTENT TO OUTRAGE HER MODESTY (SECTION 354 IPC),0,0,12,0,13,1,8,0,0,0,33,1,34
MEGHALAYA,ASSAULT ON WOMEN WITH INTENT TO OUTRAGE HER MODESTY (SECTION 354 IPC),2,0,33,0,9,0,1,0,0,0,45,0,45
MIZORAM,ASSAULT ON WOMEN WITH INTENT TO OUTRAGE HER MODESTY (SECTION 354 IPC),1,0,31,0,31,0,19,0,0,0,82,0,82
NAGALAND,ASSAULT ON WOMEN WITH INTENT TO OUTRAGE HER MODESTY (SECTION 354 IPC),0,0,9,0,4,0,3,0,0,0,16,0,16
ODISHA,ASSAULT ON WOMEN WITH INTENT TO OUTRAGE HER MODESTY (SECTION 354 IPC),18,0,2963,180,2035,156,652,35,19,2,5687,373,6060
PUNJAB,ASSAULT ON WOMEN WITH INTENT TO OUTRAGE HER MODESTY (SECTION 354 IPC),0,0,196,10,153,7,44,2,0,1,393,20,413
RAJASTHAN,ASSAULT ON WOMEN WITH INTENT TO OUTRAGE HER MODESTY (SECTION 354 IPC),48,0,1554,26,758,38,210,9,13,2,2583,75,2658
SIKKIM,ASSAULT ON WOMEN WITH INTENT TO OUTRAGE HER MODESTY (SECTION 354 IPC),0,0,6,0,5,0,6,0,0,0,17,0,17
TAMIL NADU,ASSAULT ON WOMEN WITH INTENT TO OUTRAGE HER MODESTY (SECTION 354 IPC),11,0,1004,20,703,47,262,22,21,1,2001,90,2091
TRIPURA,ASSAULT ON WOMEN WITH INTENT TO OUTRAGE HER MODESTY (SECTION 354 IPC),1,0,200,2,140,1,31,0,0,0,372,3,375
UTTAR PRADESH,ASSAULT ON WOMEN WITH INTENT TO OUTRAGE HER MODESTY (SECTION 354 IPC),13,0,3737,3,1295,9,86,0,0,0,5131,12,5143
UTTARAKHAND,ASSAULT ON WOMEN WITH INTENT TO OUTRAGE HER MODESTY (SECTION 354 IPC),0,0,141,0,52,0,6,0,0,0,199,0,199
WEST BENGAL,ASSAULT ON WOMEN WITH INTENT TO OUTRAGE HER MODESTY (SECTION 354 IPC),29,0,1693,0,854,0,271,0,32,0,2879,0,2879
TOTAL (STATES),ASSAULT ON WOMEN WITH INTENT TO OUTRAGE HER MODESTY (SECTION 354 IPC),666,3,29638,715,17967,839,5090,271,571,45,53932,1873,55805
ANDAMAN & NICOBAR ISLANDS,ASSAULT ON WOMEN WITH INTENT TO OUTRAGE HER MODESTY (SECTION 354 IPC),0,0,9,0,8,0,2,0,1,0,20,0,20
CHANDIGARH,ASSAULT ON WOMEN WITH INTENT TO OUTRAGE HER MODESTY (SECTION 354 IPC),0,0,32,0,18,0,4,0,0,0,54,0,54
DADRA & NAGAR HAVELI,ASSAULT ON WOMEN WITH INTENT TO OUTRAGE HER MODESTY (SECTION 354 IPC),0,0,2,0,0,0,0,0,0,0,2,0,2
DAMAN & DIU,ASSAULT ON WOMEN WITH INTENT TO OUTRAGE HER MODESTY (SECTION 354 IPC),0,0,0,0,0,0,0,0,0,0,0,0,0
NCT OF DELHI,ASSAULT ON WOMEN WITH INTENT TO OUTRAGE HER MODESTY (SECTION 354 IPC),16,0,548,9,300,10,48,3,4,1,916,23,939
LAKSHADWEEP,ASSAULT ON WOMEN WITH INTENT TO OUTRAGE HER MODESTY (SECTION 354 IPC),0,0,0,0,0,0,0,0,0,0,0,0,0
PUDUCHERRY,ASSAULT ON WOMEN WITH INTENT TO OUTRAGE HER MODESTY (SECTION 354 IPC),0,0,3,0,3,0,1,0,0,0,7,0,7
TOTAL (UTs),ASSAULT ON WOMEN WITH INTENT TO OUTRAGE HER MODESTY (SECTION 354 IPC),16,0,594,9,329,10,55,3,5,1,999,23,1022
TOTAL (ALL-INDIA),ASSAULT ON WOMEN WITH INTENT TO OUTRAGE HER MODESTY (SECTION 354 IPC),682,3,30232,724,18296,849,5145,274,576,46,54931,1896,56827
ANDHRA PRADESH,INSULT TO THE MODESTY OF WOMEN (SECTION 509 IPC),95,0,2751,41,1194,27,215,11,12,2,4267,81,4348
ARUNACHAL PRADESH,INSULT TO THE MODESTY OF WOMEN (SECTION 509 IPC),0,0,0,0,0,0,0,0,0,0,0,0,0
ASSAM,INSULT TO THE MODESTY OF WOMEN (SECTION 509 IPC),0,0,5,0,7,0,0,0,0,0,12,0,12
BIHAR,INSULT TO THE MODESTY OF WOMEN (SECTION 509 IPC),2,0,37,0,0,0,0,0,0,0,39,0,39
CHHATTISGARH,INSULT TO THE MODESTY OF WOMEN (SECTION 509 IPC),6,0,128,0,45,0,14,0,0,0,193,0,193
GOA,INSULT TO THE MODESTY OF WOMEN (SECTION 509 IPC),0,0,4,2,7,1,2,0,1,0,14,3,17
GUJARAT,INSULT TO THE MODESTY OF WOMEN (SECTION 509 IPC),0,0,80,0,29,0,7,0,1,0,117,0,117
HARYANA,INSULT TO THE MODESTY OF WOMEN (SECTION 509 IPC),6,0,429,3,100,3,16,0,1,0,552,6,558
HIMACHAL PRADESH,INSULT TO THE MODESTY OF WOMEN (SECTION 509 IPC),0,0,36,0,37,5,7,1,3,2,83,8,91
JAMMU & KASHMIR,INSULT TO THE MODESTY OF WOMEN (SECTION 509 IPC),0,0,261,2,167,4,13,0,0,0,441,6,447
JHARKHAND,INSULT TO THE MODESTY OF WOMEN (SECTION 509 IPC),0,0,45,0,6,0,0,0,0,0,51,0,51
KARNATAKA,INSULT TO THE MODESTY OF WOMEN (SECTION 509 IPC),0,0,111,0,33,0,3,0,0,0,147,0,147
KERALA,INSULT TO THE MODESTY OF WOMEN (SECTION 509 IPC),4,0,276,0,189,1,60,2,6,0,535,3,538
MADHYA PRADESH,INSULT TO THE MODESTY OF WOMEN (SECTION 509 IPC),52,0,734,2,230,3,33,0,2,0,1051,5,1056
MAHARASHTRA,INSULT TO THE MODESTY OF WOMEN (SECTION 509 IPC),49,1,896,19,396,22,139,7,17,2,1497,51,1548
MANIPUR,INSULT TO THE MODESTY OF WOMEN (SECTION 509 IPC),0,0,0,0,0,0,0,0,0,0,0,0,0
MEGHALAYA,INSULT TO THE MODESTY OF WOMEN (SECTION 509 IPC),0,0,0,0,0,0,0,0,0,0,0,0,0
MIZORAM,INSULT TO THE MODESTY OF WOMEN (SECTION 509 IPC),0,0,0,0,1,0,0,0,0,0,1,0,1
NAGALAND,INSULT TO THE MODESTY OF WOMEN (SECTION 509 IPC),0,0,0,0,0,0,0,0,0,0,0,0,0
ODISHA,INSULT TO THE MODESTY OF WOMEN (SECTION 509 IPC),0,0,251,2,100,5,17,1,0,0,368,8,376
PUNJAB,INSULT TO THE MODESTY OF WOMEN (SECTION 509 IPC),0,0,22,0,14,2,7,0,0,0,43,2,45
RAJASTHAN,INSULT TO THE MODESTY OF WOMEN (SECTION 509 IPC),1,0,10,0,8,0,1,0,0,0,20,0,20
SIKKIM,INSULT TO THE MODESTY OF WOMEN (SECTION 509 IPC),0,0,0,0,0,0,0,0,0,0,0,0,0
TAMIL NADU,INSULT TO THE MODESTY OF WOMEN (SECTION 509 IPC),0,0,257,0,147,0,60,0,6,0,470,0,470
TRIPURA,INSULT TO THE MODESTY OF WOMEN (SECTION 509 IPC),0,0,14,0,1,0,0,0,0,0,15,0,15
UTTAR PRADESH,INSULT TO THE MODESTY OF WOMEN (SECTION 509 IPC),0,0,8,0,6,0,0,0,0,0,14,0,14
UTTARAKHAND,INSULT TO THE MODESTY OF WOMEN (SECTION 509 IPC),0,0,60,4,37,1,1,0,0,0,98,5,103
WEST BENGAL,INSULT TO THE MODESTY OF WOMEN (SECTION 509 IPC),8,0,243,0,229,0,134,0,3,0,617,0,617
TOTAL (STATES),INSULT TO THE MODESTY OF WOMEN (SECTION 509 IPC),223,1,6658,75,2983,74,729,22,52,6,10645,178,10823
ANDAMAN & NICOBAR ISLANDS,INSULT TO THE MODESTY OF WOMEN (SECTION 509 IPC),0,0,2,0,4,0,0,0,0,0,6,0,6
CHANDIGARH,INSULT TO THE MODESTY OF WOMEN (SECTION 509 IPC),0,0,20,0,10,0,2,0,0,0,32,0,32
DADRA & NAGAR HAVELI,INSULT TO THE MODESTY OF WOMEN (SECTION 509 IPC),0,0,0,0,0,0,0,0,0,0,0,0,0
DAMAN & DIU,INSULT TO THE MODESTY OF WOMEN (SECTION 509 IPC),0,0,0,0,0,0,0,0,0,0,0,0,0
NCT OF DELHI,INSULT TO THE MODESTY OF WOMEN (SECTION 509 IPC),12,0,173,0,41,0,5,0,0,0,231,0,231
LAKSHADWEEP,INSULT TO THE MODESTY OF WOMEN (SECTION 509 IPC),0,0,0,0,0,0,0,0,0,0,0,0,0
PUDUCHERRY,INSULT TO THE MODESTY OF WOMEN (SECTION 509 IPC),2,0,9,0,5,0,1,0,0,0,17,0,17
TOTAL (UTs),INSULT TO THE MODESTY OF WOMEN (SECTION 509 IPC),14,0,204,0,60,0,8,0,0,0,286,0,286
TOTAL (ALL-INDIA),INSULT TO THE MODESTY OF WOMEN (SECTION 509 IPC),237,1,6862,75,3043,74,737,22,52,6,10931,178,11109
ANDHRA PRADESH,IMPORTATION OF GIRLS FROM FOREIGN COUNTRY(SECTION 366B IPC),0,0,0,0,0,0,0,0,0,0,0,0,0
ARUNACHAL PRADESH,IMPORTATION OF GIRLS FROM FOREIGN COUNTRY(SECTION 366B IPC),0,0,0,0,0,0,0,0,0,0,0,0,0
ASSAM,IMPORTATION OF GIRLS FROM FOREIGN COUNTRY(SECTION 366B IPC),0,0,0,0,2,0,0,0,0,0,2,0,2
BIHAR,IMPORTATION OF GIRLS FROM FOREIGN COUNTRY(SECTION 366B IPC),0,0,2,0,4,0,0,0,0,0,6,0,6
CHHATTISGARH,IMPORTATION OF GIRLS FROM FOREIGN COUNTRY(SECTION 366B IPC),0,0,0,0,0,0,0,0,0,0,0,0,0
GOA,IMPORTATION OF GIRLS FROM FOREIGN COUNTRY(SECTION 366B IPC),0,0,0,0,0,0,0,0,0,0,0,0,0
GUJARAT,IMPORTATION OF GIRLS FROM FOREIGN COUNTRY(SECTION 366B IPC),0,0,0,0,0,0,0,0,0,0,0,0,0
HARYANA,IMPORTATION OF GIRLS FROM FOREIGN COUNTRY(SECTION 366B IPC),0,0,0,0,0,0,0,0,0,0,0,0,0
HIMACHAL PRADESH,IMPORTATION OF GIRLS FROM FOREIGN COUNTRY(SECTION 366B IPC),0,0,0,0,0,0,0,0,0,0,0,0,0
JAMMU & KASHMIR,IMPORTATION OF GIRLS FROM FOREIGN COUNTRY(SECTION 366B IPC),0,0,0,0,0,0,0,0,0,0,0,0,0
JHARKHAND,IMPORTATION OF GIRLS FROM FOREIGN COUNTRY(SECTION 366B IPC),0,0,2,0,1,0,0,0,0,0,3,0,3
KARNATAKA,IMPORTATION OF GIRLS FROM FOREIGN COUNTRY(SECTION 366B IPC),0,0,0,0,0,0,0,0,0,0,0,0,0
KERALA,IMPORTATION OF GIRLS FROM FOREIGN COUNTRY(SECTION 366B IPC),0,0,0,0,0,0,0,0,0,0,0,0,0
MADHYA PRADESH,IMPORTATION OF GIRLS FROM FOREIGN COUNTRY(SECTION 366B IPC),0,0,2,0,5,1,1,0,1,0,9,1,10
MAHARASHTRA,IMPORTATION OF GIRLS FROM FOREIGN COUNTRY(SECTION 366B IPC),0,0,0,0,0,0,0,0,0,0,0,0,0
MANIPUR,IMPORTATION OF GIRLS FROM FOREIGN COUNTRY(SECTION 366B IPC),0,0,0,0,0,0,0,0,0,0,0,0,0
MEGHALAYA,IMPORTATION OF GIRLS FROM FOREIGN COUNTRY(SECTION 366B IPC),0,0,0,0,0,0,0,0,0,0,0,0,0
MIZORAM,IMPORTATION OF GIRLS FROM FOREIGN COUNTRY(SECTION 366B IPC),0,0,0,0,0,0,0,0,0,0,0,0,0
NAGALAND,IMPORTATION OF GIRLS FROM FOREIGN COUNTRY(SECTION 366B IPC),0,0,0,0,0,0,0,0,0,0,0,0,0
ODISHA,IMPORTATION OF GIRLS FROM FOREIGN COUNTRY(SECTION 366B IPC),0,0,0,0,0,0,0,0,0,0,0,0,0
PUNJAB,IMPORTATION OF GIRLS FROM FOREIGN COUNTRY(SECTION 366B IPC),0,0,0,0,0,0,0,0,0,0,0,0,0
RAJASTHAN,IMPORTATION OF GIRLS FROM FOREIGN COUNTRY(SECTION 366B IPC),0,0,0,0,0,0,0,0,0,0,0,0,0
SIKKIM,IMPORTATION OF GIRLS FROM FOREIGN COUNTRY(SECTION 366B IPC),0,0,0,0,0,0,0,0,0,0,0,0,0
TAMIL NADU,IMPORTATION OF GIRLS FROM FOREIGN COUNTRY(SECTION 366B IPC),0,0,0,0,0,0,0,0,0,0,0,0,0
TRIPURA,IMPORTATION OF GIRLS FROM FOREIGN COUNTRY(SECTION 366B IPC),0,0,0,0,0,0,0,0,0,0,0,0,0
UTTAR PRADESH,IMPORTATION OF GIRLS FROM FOREIGN COUNTRY(SECTION 366B IPC),0,0,0,0,0,0,0,0,0,0,0,0,0
UTTARAKHAND,IMPORTATION OF GIRLS FROM FOREIGN COUNTRY(SECTION 366B IPC),0,0,0,0,0,0,0,0,0,0,0,0,0
WEST BENGAL,IMPORTATION OF GIRLS FROM FOREIGN COUNTRY(SECTION 366B IPC),0,0,4,0,12,5,3,1,0,0,19,6,25
TOTAL (STATES),IMPORTATION OF GIRLS FROM FOREIGN COUNTRY(SECTION 366B IPC),0,0,10,0,24,6,4,1,1,0,39,7,46
ANDAMAN & NICOBAR ISLANDS,IMPORTATION OF GIRLS FROM FOREIGN COUNTRY(SECTION 366B IPC),0,0,0,0,0,0,0,0,0,0,0,0,0
CHANDIGARH,IMPORTATION OF GIRLS FROM FOREIGN COUNTRY(SECTION 366B IPC),0,0,0,0,0,0,0,0,0,0,0,0,0
DADRA & NAGAR HAVELI,IMPORTATION OF GIRLS FROM FOREIGN COUNTRY(SECTION 366B IPC),0,0,0,0,0,0,0,0,0,0,0,0,0
DAMAN & DIU,IMPORTATION OF GIRLS FROM FOREIGN COUNTRY(SECTION 366B IPC),0,0,0,0,0,0,0,0,0,0,0,0,0
NCT OF DELHI,IMPORTATION OF GIRLS FROM FOREIGN COUNTRY(SECTION 366B IPC),0,0,0,0,0,0,0,0,0,0,0,0,0
LAKSHADWEEP,IMPORTATION OF GIRLS FROM FOREIGN COUNTRY(SECTION 366B IPC),0,0,0,0,0,0,0,0,0,0,0,0,0
PUDUCHERRY,IMPORTATION OF GIRLS FROM FOREIGN COUNTRY(SECTION 366B IPC),0,0,0,0,0,0,0,0,0,0,0,0,0
TOTAL (UTs),IMPORTATION OF GIRLS FROM FOREIGN COUNTRY(SECTION 366B IPC),0,0,0,0,0,0,0,0,0,0,0,0,0
TOTAL (ALL-INDIA),IMPORTATION OF GIRLS FROM FOREIGN COUNTRY(SECTION 366B IPC),0,0,10,0,24,6,4,1,1,0,39,7,46
ANDHRA PRADESH,"COMMISSION OF SATI PREVENTION ACT, 1987",0,0,0,0,0,0,0,0,0,0,0,0,0
ARUNACHAL PRADESH,"COMMISSION OF SATI PREVENTION ACT, 1987",0,0,0,0,0,0,0,0,0,0,0,0,0
ASSAM,"COMMISSION OF SATI PREVENTION ACT, 1987",0,0,0,0,0,0,0,0,0,0,0,0,0
BIHAR,"COMMISSION OF SATI PREVENTION ACT, 1987",0,0,0,0,0,0,0,0,0,0,0,0,0
CHHATTISGARH,"COMMISSION OF SATI PREVENTION ACT, 1987",0,0,0,0,0,0,0,0,0,0,0,0,0
GOA,"COMMISSION OF SATI PREVENTION ACT, 1987",0,0,0,0,0,0,0,0,0,0,0,0,0
GUJARAT,"COMMISSION OF SATI PREVENTION ACT, 1987",0,0,0,0,0,0,0,0,0,0,0,0,0
HARYANA,"COMMISSION OF SATI PREVENTION ACT, 1987",0,0,0,0,0,0,0,0,0,0,0,0,0
HIMACHAL PRADESH,"COMMISSION OF SATI PREVENTION ACT, 1987",0,0,0,0,0,0,0,0,0,0,0,0,0
JAMMU & KASHMIR,"COMMISSION OF SATI PREVENTION ACT, 1987",0,0,0,0,0,0,0,0,0,0,0,0,0
JHARKHAND,"COMMISSION OF SATI PREVENTION ACT, 1987",0,0,0,0,0,0,0,0,0,0,0,0,0
KARNATAKA,"COMMISSION OF SATI PREVENTION ACT, 1987",0,0,0,0,0,0,0,0,0,0,0,0,0
KERALA,"COMMISSION OF SATI PREVENTION ACT, 1987",0,0,0,0,0,0,0,0,0,0,0,0,0
MADHYA PRADESH,"COMMISSION OF SATI PREVENTION ACT, 1987",0,0,0,0,0,0,0,0,0,0,0,0,0
MAHARASHTRA,"COMMISSION OF SATI PREVENTION ACT, 1987",0,0,0,0,0,0,0,0,0,0,0,0,0
MANIPUR,"COMMISSION OF SATI PREVENTION ACT, 1987",0,0,0,0,0,0,0,0,0,0,0,0,0
MEGHALAYA,"COMMISSION OF SATI PREVENTION ACT, 1987",0,0,0,0,0,0,0,0,0,0,0,0,0
MIZORAM,"COMMISSION OF SATI PREVENTION ACT, 1987",0,0,0,0,0,0,0,0,0,0,0,0,0
NAGALAND,"COMMISSION OF SATI PREVENTION ACT, 1987",0,0,0,0,0,0,0,0,0,0,0,0,0
ODISHA,"COMMISSION OF SATI PREVENTION ACT, 1987",0,0,0,0,0,0,0,0,0,0,0,0,0
PUNJAB,"COMMISSION OF SATI PREVENTION ACT, 1987",0,0,0,0,0,0,0,0,0,0,0,0,0
RAJASTHAN,"COMMISSION OF SATI PREVENTION ACT, 1987",0,0,0,0,0,0,0,0,0,0,0,0,0
SIKKIM,"COMMISSION OF SATI PREVENTION ACT, 1987",0,0,0,0,0,0,0,0,0,0,0,0,0
TAMIL NADU,"COMMISSION OF SATI PREVENTION ACT, 1987",0,0,0,0,0,0,0,0,0,0,0,0,0
TRIPURA,"COMMISSION OF SATI PREVENTION ACT, 1987",0,0,0,0,0,0,0,0,0,0,0,0,0
UTTAR PRADESH,"COMMISSION OF SATI PREVENTION ACT, 1987",0,0,0,0,0,0,0,0,0,0,0,0,0
UTTARAKHAND,"COMMISSION OF SATI PREVENTION ACT, 1987",0,0,0,0,0,0,0,0,0,0,0,0,0
WEST BENGAL,"COMMISSION OF SATI PREVENTION ACT, 1987",0,0,0,0,0,0,0,0,0,0,0,0,0
TOTAL (STATES),"COMMISSION OF SATI PREVENTION ACT, 1987",0,0,0,0,0,0,0,0,0,0,0,0,0
ANDAMAN & NICOBAR ISLANDS,"COMMISSION OF SATI PREVENTION ACT, 1987",0,0,0,0,0,0,0,0,0,0,0,0,0
CHANDIGARH,"COMMISSION OF SATI PREVENTION ACT, 1987",0,0,0,0,0,0,0,0,0,0,0,0,0
DADRA & NAGAR HAVELI,"COMMISSION OF SATI PREVENTION ACT, 1987",0,0,0,0,0,0,0,0,0,0,0,0,0
DAMAN & DIU,"COMMISSION OF SATI PREVENTION ACT, 1987",0,0,0,0,0,0,0,0,0,0,0,0,0
NCT OF DELHI,"COMMISSION OF SATI PREVENTION ACT, 1987",0,0,0,0,0,0,0,0,0,0,0,0,0
LAKSHADWEEP,"COMMISSION OF SATI PREVENTION ACT, 1987",0,0,0,0,0,0,0,0,0,0,0,0,0
PUDUCHERRY,"COMMISSION OF SATI PREVENTION ACT, 1987",0,0,0,0,0,0,0,0,0,0,0,0,0
TOTAL (UTs),"COMMISSION OF SATI PREVENTION ACT, 1987",0,0,0,0,0,0,0,0,0,0,0,0,0
TOTAL (ALL-INDIA),"COMMISSION OF SATI PREVENTION ACT, 1987",0,0,0,0,0,0,0,0,0,0,0,0,0
ANDHRA PRADESH,"IMMORAL TRAFFIC (PREVENTION) ACT, 1956",0,0,501,253,337,165,71,23,3,1,912,442,1354
ARUNACHAL PRADESH,"IMMORAL TRAFFIC (PREVENTION) ACT, 1956",0,0,1,0,0,0,0,0,0,0,1,0,1
ASSAM,"IMMORAL TRAFFIC (PREVENTION) ACT, 1956",0,0,12,1,38,0,0,0,0,0,50,1,51
BIHAR,"IMMORAL TRAFFIC (PREVENTION) ACT, 1956",0,0,49,8,38,9,10,2,0,0,97,19,116
CHHATTISGARH,"IMMORAL TRAFFIC (PREVENTION) ACT, 1956",1,0,11,5,2,3,0,0,0,0,14,8,22
GOA,"IMMORAL TRAFFIC (PREVENTION) ACT, 1956",0,0,48,11,28,6,3,1,3,0,82,18,100
GUJARAT,"IMMORAL TRAFFIC (PREVENTION) ACT, 1956",1,7,38,17,32,21,3,4,0,1,74,50,124
HARYANA,"IMMORAL TRAFFIC (PREVENTION) ACT, 1956",0,1,100,91,58,42,9,1,1,0,168,135,303
HIMACHAL PRADESH,"IMMORAL TRAFFIC (PREVENTION) ACT, 1956",0,0,6,1,5,6,0,0,0,0,11,7,18
JAMMU & KASHMIR,"IMMORAL TRAFFIC (PREVENTION) ACT, 1956",0,0,7,0,4,0,2,0,0,0,13,0,13
JHARKHAND,"IMMORAL TRAFFIC (PREVENTION) ACT, 1956",0,0,3,6,3,3,2,3,0,0,8,12,20
KARNATAKA,"IMMORAL TRAFFIC (PREVENTION) ACT, 1956",0,0,379,329,271,166,47,35,9,4,706,534,1240
KERALA,"IMMORAL TRAFFIC (PREVENTION) ACT, 1956",0,0,30,75,50,137,12,18,2,0,94,230,324
MADHYA PRADESH,"IMMORAL TRAFFIC (PREVENTION) ACT, 1956",0,0,25,5,16,2,11,0,0,0,52,7,59
MAHARASHTRA,"IMMORAL TRAFFIC (PREVENTION) ACT, 1956",0,4,522,271,415,217,100,60,22,10,1059,562,1621
MANIPUR,"IMMORAL TRAFFIC (PREVENTION) ACT, 1956",0,0,0,0,0,0,0,0,0,0,0,0,0
MEGHALAYA,"IMMORAL TRAFFIC (PREVENTION) ACT, 1956",0,0,4,4,2,8,0,1,1,0,7,13,20
MIZORAM,"IMMORAL TRAFFIC (PREVENTION) ACT, 1956",0,0,0,0,0,0,0,0,0,0,0,0,0
NAGALAND,"IMMORAL TRAFFIC (PREVENTION) ACT, 1956",0,0,8,13,4,1,0,0,0,0,12,14,26
ODISHA,"IMMORAL TRAFFIC (PREVENTION) ACT, 1956",0,0,34,19,18,8,3,0,0,0,55,27,82
PUNJAB,"IMMORAL TRAFFIC (PREVENTION) ACT, 1956",0,0,101,94,93,66,23,25,0,0,217,185,402
RAJASTHAN,"IMMORAL TRAFFIC (PREVENTION) ACT, 1956",0,1,103,136,59,36,6,5,3,0,171,178,349
SIKKIM,"IMMORAL TRAFFIC (PREVENTION) ACT, 1956",0,0,0,0,0,0,0,0,0,0,0,0,0
TAMIL NADU,"IMMORAL TRAFFIC (PREVENTION) ACT, 1956",0,0,232,141,283,134,97,26,6,8,618,309,927
TRIPURA,"IMMORAL TRAFFIC (PREVENTION) ACT, 1956",0,0,0,0,0,0,0,0,0,0,0,0,0
UTTAR PRADESH,"IMMORAL TRAFFIC (PREVENTION) ACT, 1956",0,0,78,52,39,18,0,0,0,0,117,70,187
UTTARAKHAND,"IMMORAL TRAFFIC (PREVENTION) ACT, 1956",0,0,22,14,20,3,2,0,0,0,44,17,61
WEST BENGAL,"IMMORAL TRAFFIC (PREVENTION) ACT, 1956",0,4,117,67,171,51,33,12,0,0,321,134,455
TOTAL (STATES),"IMMORAL TRAFFIC (PREVENTION) ACT, 1956",2,17,2431,1613,1986,1102,434,216,50,24,4903,2972,7875
ANDAMAN & NICOBAR ISLANDS,"IMMORAL TRAFFIC (PREVENTION) ACT, 1956",0,0,5,7,2,2,0,0,0,0,7,9,16
CHANDIGARH,"IMMORAL TRAFFIC (PREVENTION) ACT, 1956",0,0,0,0,0,0,0,0,0,0,0,0,0
DADRA & NAGAR HAVELI,"IMMORAL TRAFFIC (PREVENTION) ACT, 1956",0,0,1,3,4,3,1,0,0,0,6,6,12
DAMAN & DIU,"IMMORAL TRAFFIC (PREVENTION) ACT, 1956",0,0,10,12,0,1,1,0,0,0,11,13,24
NCT OF DELHI,"IMMORAL TRAFFIC (PREVENTION) ACT, 1956",0,0,9,63,8,23,1,0,0,0,18,86,104
LAKSHADWEEP,"IMMORAL TRAFFIC (PREVENTION) ACT, 1956",0,0,0,0,0,0,0,0,0,0,0,0,0
PUDUCHERRY,"IMMORAL TRAFFIC (PREVENTION) ACT, 1956",0,0,12,2,5,0,2,0,0,0,19,2,21
TOTAL (UTs),"IMMORAL TRAFFIC (PREVENTION) ACT, 1956",0,0,37,87,19,29,5,0,0,0,61,116,177
TOTAL (ALL-INDIA),"IMMORAL TRAFFIC (PREVENTION) ACT, 1956",2,17,2468,1700,2005,1131,439,216,50,24,4964,3088,8052
ANDHRA PRADESH,"INDECENT REPRESENTATION OF WOMEN (PROHIBITION) ACT, 1986",1,0,4,5,10,3,3,0,0,0,18,8,26
ARUNACHAL PRADESH,"INDECENT REPRESENTATION OF WOMEN (PROHIBITION) ACT, 1986",0,0,0,0,0,0,0,0,0,0,0,0,0
ASSAM,"INDECENT REPRESENTATION OF WOMEN (PROHIBITION) ACT, 1986",0,0,0,0,3,0,0,0,0,0,3,0,3
BIHAR,"INDECENT REPRESENTATION OF WOMEN (PROHIBITION) ACT, 1986",0,0,5,0,2,0,0,0,0,0,7,0,7
CHHATTISGARH,"INDECENT REPRESENTATION OF WOMEN (PROHIBITION) ACT, 1986",0,0,1,0,0,0,0,0,0,0,1,0,1
GOA,"INDECENT REPRESENTATION OF WOMEN (PROHIBITION) ACT, 1986",0,0,0,0,0,0,0,0,0,0,0,0,0
GUJARAT,"INDECENT REPRESENTATION OF WOMEN (PROHIBITION) ACT, 1986",0,0,0,0,0,0,0,0,0,0,0,0,0
HARYANA,"INDECENT REPRESENTATION OF WOMEN (PROHIBITION) ACT, 1986",0,0,0,1,4,5,0,0,0,0,4,6,10
HIMACHAL PRADESH,"INDECENT REPRESENTATION OF WOMEN (PROHIBITION) ACT, 1986",0,0,0,0,0,0,0,0,0,0,0,0,0
JAMMU & KASHMIR,"INDECENT REPRESENTATION OF WOMEN (PROHIBITION) ACT, 1986",0,0,0,0,0,0,0,0,0,0,0,0,0
JHARKHAND,"INDECENT REPRESENTATION OF WOMEN (PROHIBITION) ACT, 1986",0,0,0,0,0,0,0,0,0,0,0,0,0
KARNATAKA,"INDECENT REPRESENTATION OF WOMEN (PROHIBITION) ACT, 1986",0,0,0,0,0,0,0,0,0,0,0,0,0
KERALA,"INDECENT REPRESENTATION OF WOMEN (PROHIBITION) ACT, 1986",0,0,3,0,6,0,0,0,0,0,9,0,9
MADHYA PRADESH,"INDECENT REPRESENTATION OF WOMEN (PROHIBITION) ACT, 1986",0,0,0,0,0,0,0,0,0,0,0,0,0
MAHARASHTRA,"INDECENT REPRESENTATION OF WOMEN (PROHIBITION) ACT, 1986",0,0,0,0,1,0,1,0,0,0,2,0,2
MANIPUR,"INDECENT REPRESENTATION OF WOMEN (PROHIBITION) ACT, 1986",0,0,0,0,0,0,0,0,0,0,0,0,0
MEGHALAYA,"INDECENT REPRESENTATION OF WOMEN (PROHIBITION) ACT, 1986",0,0,0,0,0,0,0,0,0,0,0,0,0
MIZORAM,"INDECENT REPRESENTATION OF WOMEN (PROHIBITION) ACT, 1986",0,0,0,0,0,0,0,0,0,0,0,0,0
NAGALAND,"INDECENT REPRESENTATION OF WOMEN (PROHIBITION) ACT, 1986",0,0,0,0,0,0,0,0,0,0,0,0,0
ODISHA,"INDECENT REPRESENTATION OF WOMEN (PROHIBITION) ACT, 1986",0,0,0,0,1,0,0,0,0,0,1,0,1
PUNJAB,"INDECENT REPRESENTATION OF WOMEN (PROHIBITION) ACT, 1986",0,0,0,0,0,0,0,0,0,0,0,0,0
RAJASTHAN,"INDECENT REPRESENTATION OF WOMEN (PROHIBITION) ACT, 1986",3,0,48,2,13,0,0,0,0,0,64,2,66
SIKKIM,"INDECENT REPRESENTATION OF WOMEN (PROHIBITION) ACT, 1986",0,0,0,0,0,0,0,0,0,0,0,0,0
TAMIL NADU,"INDECENT REPRESENTATION OF WOMEN (PROHIBITION) ACT, 1986",0,0,2,0,16,0,20,0,2,0,40,0,40
TRIPURA,"INDECENT REPRESENTATION OF WOMEN (PROHIBITION) ACT, 1986",0,0,0,0,0,0,0,0,0,0,0,0,0
UTTAR PRADESH,"INDECENT REPRESENTATION OF WOMEN (PROHIBITION) ACT, 1986",0,0,0,0,0,0,0,0,0,0,0,0,0
UTTARAKHAND,"INDECENT REPRESENTATION OF WOMEN (PROHIBITION) ACT, 1986",0,0,0,0,0,0,0,0,0,0,0,0,0
WEST BENGAL,"INDECENT REPRESENTATION OF WOMEN (PROHIBITION) ACT, 1986",0,0,2,0,8,0,0,0,0,0,10,0,10
TOTAL (STATES),"INDECENT REPRESENTATION OF WOMEN (PROHIBITION) ACT, 1986",4,0,65,8,64,8,24,0,2,0,159,16,175
ANDAMAN & NICOBAR ISLANDS,"INDECENT REPRESENTATION OF WOMEN (PROHIBITION) ACT, 1986",0,0,0,0,0,0,0,0,0,0,0,0,0
CHANDIGARH,"INDECENT REPRESENTATION OF WOMEN (PROHIBITION) ACT, 1986",0,0,0,0,0,0,0,0,0,0,0,0,0
DADRA & NAGAR HAVELI,"INDECENT REPRESENTATION OF WOMEN (PROHIBITION) ACT, 1986",0,0,0,0,0,0,0,0,0,0,0,0,0
DAMAN & DIU,"INDECENT REPRESENTATION OF WOMEN (PROHIBITION) ACT, 1986",0,0,0,0,0,0,0,0,0,0,0,0,0
NCT OF DELHI,"INDECENT REPRESENTATION OF WOMEN (PROHIBITION) ACT, 1986",0,0,0,0,0,0,0,0,0,0,0,0,0
LAKSHADWEEP,"INDECENT REPRESENTATION OF WOMEN (PROHIBITION) ACT, 1986",0,0,0,0,0,0,0,0,0,0,0,0,0
PUDUCHERRY,"INDECENT REPRESENTATION OF WOMEN (PROHIBITION) ACT, 1986",0,0,0,0,0,0,0,0,0,0,0,0,0
TOTAL (UTs),"INDECENT REPRESENTATION OF WOMEN (PROHIBITION) ACT, 1986",0,0,0,0,0,0,0,0,0,0,0,0,0
TOTAL (ALL-INDIA),"INDECENT REPRESENTATION OF WOMEN (PROHIBITION) ACT, 1986",4,0,65,8,64,8,24,0,2,0,159,16,175
ANDHRA PRADESH,"DOWRY PROHIBITION ACT, 1961",0,0,953,277,820,238,350,107,16,19,2139,641,2780
ARUNACHAL PRADESH,"DOWRY PROHIBITION ACT, 1961",0,0,0,0,0,0,0,0,0,0,0,0,0
ASSAM,"DOWRY PROHIBITION ACT, 1961",0,0,31,0,30,2,0,0,0,0,61,2,63
BIHAR,"DOWRY PROHIBITION ACT, 1961",1,15,934,112,760,168,533,204,39,12,2267,511,2778
CHHATTISGARH,"DOWRY PROHIBITION ACT, 1961",0,0,13,2,11,3,7,4,0,0,31,9,40
GOA,"DOWRY PROHIBITION ACT, 1961",0,0,0,0,0,0,0,0,0,0,0,0,0
GUJARAT,"DOWRY PROHIBITION ACT, 1961",0,0,0,0,0,0,0,0,0,0,0,0,0
HARYANA,"DOWRY PROHIBITION ACT, 1961",0,0,2,0,2,0,4,0,0,0,8,0,8
HIMACHAL PRADESH,"DOWRY PROHIBITION ACT, 1961",0,0,0,0,0,0,0,0,0,0,0,0,0
JAMMU & KASHMIR,"DOWRY PROHIBITION ACT, 1961",0,0,1,0,0,0,0,0,0,0,1,0,1
JHARKHAND,"DOWRY PROHIBITION ACT, 1961",1,1,659,89,529,124,206,62,13,5,1408,281,1689
KARNATAKA,"DOWRY PROHIBITION ACT, 1961",2,1,534,174,749,327,358,266,101,66,1744,834,2578
KERALA,"DOWRY PROHIBITION ACT, 1961",0,0,0,0,5,0,1,0,0,0,6,0,6
MADHYA PRADESH,"DOWRY PROHIBITION ACT, 1961",0,0,97,24,91,29,40,20,16,4,244,77,321
MAHARASHTRA,"DOWRY PROHIBITION ACT, 1961",0,1,26,3,35,8,18,8,2,5,81,25,106
MANIPUR,"DOWRY PROHIBITION ACT, 1961",0,0,0,0,0,0,0,0,0,0,0,0,0
MEGHALAYA,"DOWRY PROHIBITION ACT, 1961",0,0,0,0,0,0,0,0,0,0,0,0,0
MIZORAM,"DOWRY PROHIBITION ACT, 1961",0,0,0,0,0,0,0,0,0,0,0,0,0
NAGALAND,"DOWRY PROHIBITION ACT, 1961",0,0,0,0,0,0,0,0,0,0,0,0,0
ODISHA,"DOWRY PROHIBITION ACT, 1961",0,0,490,106,640,216,374,149,54,20,1558,491,2049
PUNJAB,"DOWRY PROHIBITION ACT, 1961",0,0,0,0,0,0,0,0,0,0,0,0,0
RAJASTHAN,"DOWRY PROHIBITION ACT, 1961",0,0,10,4,23,8,5,0,0,0,38,12,50
SIKKIM,"DOWRY PROHIBITION ACT, 1961",0,0,0,0,0,0,0,0,0,0,0,0,0
TAMIL NADU,"DOWRY PROHIBITION ACT, 1961",0,0,165,51,122,56,102,47,24,2,413,156,569
TRIPURA,"DOWRY PROHIBITION ACT, 1961",0,0,0,0,0,0,0,0,0,0,0,0,0
UTTAR PRADESH,"DOWRY PROHIBITION ACT, 1961",0,0,662,87,662,106,566,72,88,1,1978,266,2244
UTTARAKHAND,"DOWRY PROHIBITION ACT, 1961",0,0,0,0,0,0,0,0,0,0,0,0,0
WEST BENGAL,"DOWRY PROHIBITION ACT, 1961",0,0,142,13,188,32,53,38,0,0,383,83,466
TOTAL (STATES),"DOWRY PROHIBITION ACT, 1961",4,18,4719,942,4667,1317,2617,977,353,134,12360,3388,15748
ANDAMAN & NICOBAR ISLANDS,"DOWRY PROHIBITION ACT, 1961",0,0,0,0,0,0,0,0,0,0,0,0,0
CHANDIGARH,"DOWRY PROHIBITION ACT, 1961",0,0,0,0,0,0,0,0,0,0,0,0,0
DADRA & NAGAR HAVELI,"DOWRY PROHIBITION ACT, 1961",0,0,0,0,0,0,0,0,0,0,0,0,0
DAMAN & DIU,"DOWRY PROHIBITION ACT, 1961",0,0,0,0,0,0,0,0,0,0,0,0,0
NCT OF DELHI,"DOWRY PROHIBITION ACT, 1961",0,0,6,0,5,0,0,0,0,0,11,0,11
LAKSHADWEEP,"DOWRY PROHIBITION ACT, 1961",0,0,0,0,0,0,0,0,0,0,0,0,0
PUDUCHERRY,"DOWRY PROHIBITION ACT, 1961",0,0,5,2,5,2,2,8,3,0,15,12,27
TOTAL (UTs),"DOWRY PROHIBITION ACT, 1961",0,0,11,2,10,2,2,8,3,0,26,12,38
TOTAL (ALL-INDIA),"DOWRY PROHIBITION ACT, 1961",4,18,4730,944,4677,1319,2619,985,356,134,12386,3400,15786
ANDHRA PRADESH,"DOWRY PROHIBITION ACT, 1961",280,7,16879,2277,10790,2440,3820,1818,689,288,32458,6830,39288
ARUNACHAL PRADESH,TOTAL CRIMES AGAINST WOMEN,7,0,143,0,52,0,0,0,0,0,202,0,202
ASSAM,TOTAL CRIMES AGAINST WOMEN,138,2,5241,53,5570,57,1257,11,17,0,12223,123,12346
BIHAR,TOTAL CRIMES AGAINST WOMEN,155,36,9031,605,5549,997,2388,974,297,115,17420,2727,20147
CHHATTISGARH,TOTAL CRIMES AGAINST WOMEN,127,17,2570,258,1871,281,1050,235,124,61,5742,852,6594
GOA,TOTAL CRIMES AGAINST WOMEN,3,1,120,24,73,14,27,9,11,4,234,52,286
GUJARAT,TOTAL CRIMES AGAINST WOMEN,106,29,8076,1711,5982,2137,3153,1712,709,350,18026,5939,23965
HARYANA,TOTAL CRIMES AGAINST WOMEN,81,3,3496,257,1748,319,770,355,173,62,6268,996,7264
HIMACHAL PRADESH,TOTAL CRIMES AGAINST WOMEN,20,0,504,59,381,103,119,77,40,22,1064,261,1325
JAMMU & KASHMIR,TOTAL CRIMES AGAINST WOMEN,10,1,2062,203,1944,244,560,62,103,15,4679,525,5204
JHARKHAND,TOTAL CRIMES AGAINST WOMEN,40,4,3343,274,1897,301,500,144,28,18,5808,741,6549
KARNATAKA,TOTAL CRIMES AGAINST WOMEN,23,2,4682,996,5083,1369,2597,1099,561,268,12946,3734,16680
KERALA,TOTAL CRIMES AGAINST WOMEN,50,0,4258,364,5343,765,1725,491,364,157,11740,1777,13517
MADHYA PRADESH,TOTAL CRIMES AGAINST WOMEN,689,40,13814,1258,7469,1435,2746,1062,509,225,25227,4020,29247
MAHARASHTRA,TOTAL CRIMES AGAINST WOMEN,349,50,13537,3363,9821,3996,4655,2959,1535,783,29897,11151,41048
MANIPUR,TOTAL CRIMES AGAINST WOMEN,0,0,102,11,56,6,23,4,0,0,181,21,202
MEGHALAYA,TOTAL CRIMES AGAINST WOMEN,27,1,135,4,71,12,17,2,2,0,252,19,271
MIZORAM,TOTAL CRIMES AGAINST WOMEN,22,0,79,1,81,0,31,0,1,0,214,1,215
NAGALAND,TOTAL CRIMES AGAINST WOMEN,2,0,39,13,13,2,5,0,1,0,60,15,75
ODISHA,TOTAL CRIMES AGAINST WOMEN,118,4,6909,806,5449,1083,2087,498,156,73,14719,2464,17183
PUNJAB,TOTAL CRIMES AGAINST WOMEN,24,4,1968,399,1460,422,568,195,3,5,4023,1025,5048
RAJASTHAN,TOTAL CRIMES AGAINST WOMEN,244,3,7493,567,4859,849,1975,786,224,95,14795,2300,17095
SIKKIM,TOTAL CRIMES AGAINST WOMEN,0,0,30,0,25,2,11,1,0,0,66,3,69
TAMIL NADU,TOTAL CRIMES AGAINST WOMEN,46,1,4149,577,2986,928,1341,592,210,83,8732,2181,10913
TRIPURA,TOTAL CRIMES AGAINST WOMEN,27,16,794,108,665,123,143,40,27,3,1656,290,1946
UTTAR PRADESH,TOTAL CRIMES AGAINST WOMEN,232,13,40483,3318,19823,2633,8416,1504,1203,120,70157,7588,77745
UTTARAKHAND,TOTAL CRIMES AGAINST WOMEN,25,2,657,37,527,44,97,27,3,1,1309,111,1420
WEST BENGAL,TOTAL CRIMES AGAINST WOMEN,199,22,10813,981,8594,4328,5269,3224,457,136,25332,8691,34023
ANDAMAN & NICOBAR ISLANDS,TOTAL CRIMES AGAINST WOMEN,0,0,34,9,22,3,3,1,1,0,60,13,73
CHANDIGARH,TOTAL CRIMES AGAINST WOMEN,3,0,150,0,83,6,18,5,3,0,257,11,268
DADRA & NAGAR HAVELI,TOTAL CRIMES AGAINST WOMEN,3,0,15,3,5,3,1,0,0,0,24,6,30
DAMAN & DIU,TOTAL CRIMES AGAINST WOMEN,0,0,20,14,2,4,2,0,2,1,26,19,45
NCT OF DELHI,TOTAL CRIMES AGAINST WOMEN,102,2,2331,135,1071,125,128,53,25,9,3657,324,3981
LAKSHADWEEP,TOTAL CRIMES AGAINST WOMEN,0,0,1,0,0,0,0,0,0,0,1,0,1
PUDUCHERRY,TOTAL CRIMES AGAINST WOMEN,2,0,53,4,28,4,7,9,3,0,93,17,110