STATE/UT,CRIME HEAD,CASES REGISTERED - 2010,CASES CHARGESHEETED - 2010,CASES CONVICTED - 2010,PERSONS ARRESTED - 2010,PERSONS CHARGESHEETED - 2010,PERSONS CONVICTED - 2010,CASES REGISTERED - 2011,CASES CHARGESHEETED - 2011,CASES CONVICTED - 2011,PERSONS ARRESTED - 2011,PERSONS CHARGESHEETED - 2011,PERSONS CONVICTED - 2011,CASES REGISTERED - 2012,CASES CHARGESHEETED - 2012,CASES CONVICTED - 2012,PERSONS ARRESTED - 2012,PERSONS CHARGESHEETED - 2012,PERSONS CONVICTED - 2012
ANDHRA PRADESH,RAPE,1362,1210,141,1761,1674,173,1442,1216,111,1758,1783,157,1341,1276,108,1664,1608,178
ARUNACHAL PRADESH,RAPE,47,34,4,49,40,4,42,38,4,47,41,4,46,24,3,47,24,3
ASSAM,RAPE,1721,1110,95,1629,1153,117,1700,1012,179,1470,1080,165,1716,1110,97,1626,1156,153
BIHAR,RAPE,795,533,227,892,816,280,934,820,210,1185,1036,246,927,902,119,1327,1398,161
CHHATTISGARH,RAPE,1012,942,204,1198,1203,270,1053,1027,217,1257,1253,240,1034,988,223,1214,1201,259
GOA,RAPE,36,44,5,50,62,7,29,33,4,34,46,4,55,26,1,61,35,1
GUJARAT,RAPE,408,391,33,617,620,40,439,409,31,621,616,46,473,438,31,647,631,56
HARYANA,RAPE,720,590,113,866,853,161,733,532,135,801,820,175,668,635,133,940,997,180
HIMACHAL PRADESH,RAPE,160,139,21,197,204,38,168,143,29,187,183,46,183,149,29,259,240,41
JAMMU & KASHMIR,RAPE,245,177,3,266,259,5,277,231,14,349,346,18,303,257,19,388,387,28
JHARKHAND,RAPE,773,705,171,836,911,194,784,604,185,758,731,220,812,602,161,780,706,196
KARNATAKA,RAPE,586,512,54,771,703,82,636,533,74,837,812,84,621,587,65,842,795,97
KERALA,RAPE,634,644,45,659,779,52,1132,706,31,1226,798,390,1019,961,57,1259,1186,62
MADHYA PRADESH,RAPE,3135,3089,777,4387,4407,1230,3406,3223,826,4593,4603,898,3425,3483,547,4822,4842,758
MAHARASHTRA,RAPE,1599,1458,146,2180,2145,202,1701,1565,205,2533,2422,268,1839,1616,164,2591,2479,215
MANIPUR,RAPE,34,4,1,22,5,1,53,5,1,24,5,2,63,9,0,46,12,0
MEGHALAYA,RAPE,149,80,4,135,73,4,130,81,0,128,83,0,164,93,7,182,100,7
MIZORAM,RAPE,92,94,84,112,125,123,77,68,46,74,70,40,103,95,61,122,96,59
NAGALAND,RAPE,16,13,14,17,19,12,23,20,16,27,19,29,21,15,8,26,21,19
ODISHA,RAPE,1025,1126,132,1363,1369,188,1112,1037,148,1224,1219,204,1458,1336,154,1666,1631,184
PUNJAB,RAPE,546,438,166,766,654,244,479,426,155,598,571,208,680,512,151,895,696,201
RAJASTHAN,RAPE,1571,972,202,1343,1355,298,1800,1119,205,1642,1634,358,2049,1225,230,1807,1778,408
SIKKIM,RAPE,18,31,2,21,30,1,16,12,11,25,12,11,34,24,1,29,20,18
TAMIL NADU,RAPE,686,487,105,777,682,136,677,478,72,837,611,110,737,558,60,962,862,104
TRIPURA,RAPE,238,185,28,320,226,32,205,238,24,258,248,28,229,206,16,202,215,19
UTTAR PRADESH,RAPE,1563,1171,705,2580,1842,1304,2042,1580,816,3571,2398,1325,1963,1513,619,3593,2508,809
UTTARAKHAND,RAPE,121,104,58,171,159,86,129,98,48,149,143,73,148,128,75,184,187,93
WEST BENGAL,RAPE,2311,1866,90,2395,2242,128,2363,2004,79,1870,2104,121,2046,2165,112,1963,2165,124
TOTAL (STATES),RAPE,21603,18149,3630,26380,24610,5412,23582,19258,3876,28083,25687,5470,24157,20933,3251,30144,27976,4433
A & N ISLANDS,RAPE,24,20,0,39,28,0,13,22,0,28,48,0,12,7,3,17,15,3
CHANDIGARH,RAPE,31,29,14,44,38,16,27,21,9,27,31,10,27,34,9,34,41,11
D & N HAVELI,RAPE,3,4,2,3,4,2,4,3,0,4,3,0,3,6,1,5,8,2
DAMAN & DIU,RAPE,1,1,0,1,1,0,1,0,0,0,0,0,5,4,1,10,9,1
DELHI,RAPE,507,449,141,602,532,201,572,477,186,707,647,243,706,568,297,892,862,368
LAKSHADWEEP,RAPE,0,0,0,0,0,0,0,0,1,0,0,1,0,0,0,0,0,0
PUDUCHERRY,RAPE,3,2,1,5,2,1,7,4,0,29,20,0,13,13,1,15,14,3
TOTAL (UTs),RAPE,569,505,158,694,605,220,624,527,196,795,749,254,766,632,312,973,949,388
TOTAL (ALL-INDIA),RAPE,22172,18654,3788,27074,25215,5632,24206,19785,4072,28878,26436,5724,24923,21565,3563,31117,28925,4821
ANDHRA PRADESH,KIDNAPPING AND ABDUCTION OF WOMEN AND GIRLS,1531,1101,75,1722,1816,128,1612,1025,115,1698,1467,127,1403,966,58,1764,1800,108
ARUNACHAL PRADESH,KIDNAPPING AND ABDUCTION OF WOMEN AND GIRLS,46,21,2,48,29,2,60,24,5,67,32,7,58,32,7,49,34,7
ASSAM,KIDNAPPING AND ABDUCTION OF WOMEN AND GIRLS,2767,971,106,2687,1218,146,3192,1182,195,2838,1430,174,3360,1247,50,2689,1338,80
BIHAR,KIDNAPPING AND ABDUCTION OF WOMEN AND GIRLS,2569,1150,108,2503,2280,196,3050,1564,184,3565,2853,304,3789,2028,55,4639,3656,92
CHHATTISGARH,KIDNAPPING AND ABDUCTION OF WOMEN AND GIRLS,279,192,36,352,321,58,365,291,21,372,359,29,350,316,42,441,439,89
GOA,KIDNAPPING AND ABDUCTION OF WOMEN AND GIRLS,18,10,1,15,18,2,17,10,0,16,11,0,16,12,0,12,12,0
GUJARAT,KIDNAPPING AND ABDUCTION OF WOMEN AND GIRLS,1290,1027,51,1651,1580,100,1442,1088,30,1888,1893,65,1527,1191,30,1939,1878,51
HARYANA,KIDNAPPING AND ABDUCTION OF WOMEN AND GIRLS,714,431,91,543,524,130,733,414,49,548,539,77,900,467,47,660,705,62
HIMACHAL PRADESH,KIDNAPPING AND ABDUCTION OF WOMEN AND GIRLS,162,55,5,101,95,5,191,72,4,134,107,7,152,73,9,131,129,16
JAMMU & KASHMIR,KIDNAPPING AND ABDUCTION OF WOMEN AND GIRLS,840,346,5,509,503,10,1023,508,8,894,894,6,1041,528,4,884,884,2
JHARKHAND,KIDNAPPING AND ABDUCTION OF WOMEN AND GIRLS,696,420,67,710,674,103,660,480,93,901,886,152,786,523,122,1000,949,162
KARNATAKA,KIDNAPPING AND ABDUCTION OF WOMEN AND GIRLS,586,328,14,751,614,47,715,375,21,703,700,34,1070,450,14,1035,1010,44
KERALA,KIDNAPPING AND ABDUCTION OF WOMEN AND GIRLS,184,174,4,221,257,5,221,151,3,230,201,3,214,197,5,253,252,6
MADHYA PRADESH,KIDNAPPING AND ABDUCTION OF WOMEN AND GIRLS,1030,856,208,1303,1309,390,1088,837,205,1473,1443,352,1127,1112,158,1648,1621,383
MAHARASHTRA,KIDNAPPING AND ABDUCTION OF WOMEN AND GIRLS,1124,706,21,1470,1250,43,1252,870,30,1954,1689,52,1140,856,23,1775,1656,32
MANIPUR,KIDNAPPING AND ABDUCTION OF WOMEN AND GIRLS,107,2,0,83,2,0,116,0,3,94,0,10,133,2,0,101,2,0
MEGHALAYA,KIDNAPPING AND ABDUCTION OF WOMEN AND GIRLS,37,9,0,41,17,0,37,6,0,18,9,0,24,12,0,6,12,0
MIZORAM,KIDNAPPING AND ABDUCTION OF WOMEN AND GIRLS,0,0,0,0,0,0,0,0,0,0,0,0,3,3,2,3,3,2
NAGALAND,KIDNAPPING AND ABDUCTION OF WOMEN AND GIRLS,6,8,4,13,6,1,3,2,3,3,3,3,10,3,2,7,5,3
ODISHA,KIDNAPPING AND ABDUCTION OF WOMEN AND GIRLS,912,811,31,1070,1095,41,1008,869,33,1107,1097,63,1364,1029,35,1347,1327,46
PUNJAB,KIDNAPPING AND ABDUCTION OF WOMEN AND GIRLS,576,226,47,646,542,100,517,195,39,589,427,85,689,253,18,731,410,44
RAJASTHAN,KIDNAPPING AND ABDUCTION OF WOMEN AND GIRLS,2477,815,128,1281,1275,251,2713,895,133,1461,1423,230,2697,982,190,1565,1563,370
SIKKIM,KIDNAPPING AND ABDUCTION OF WOMEN AND GIRLS,6,10,1,13,10,1,10,5,0,6,5,0,10,6,2,8,5,2
TAMIL NADU,KIDNAPPING AND ABDUCTION OF WOMEN AND GIRLS,1464,619,104,1532,1280,160,1743,583,77,1778,1100,183,1693,706,48,1557,1516,119
TRIPURA,KIDNAPPING AND ABDUCTION OF WOMEN AND GIRLS,91,57,3,106,89,3,116,90,3,113,90,3,114,88,3,120,146,7
UTTAR PRADESH,KIDNAPPING AND ABDUCTION OF WOMEN AND GIRLS,5468,3050,1594,11903,6831,3951,7525,4323,1719,19299,9513,3911,7910,4329,1055,20565,9824,2155
UTTARAKHAND,KIDNAPPING AND ABDUCTION OF WOMEN AND GIRLS,249,147,36,293,272,55,283,166,38,295,274,89,256,142,130,242,241,152
WEST BENGAL,KIDNAPPING AND ABDUCTION OF WOMEN AND GIRLS,2764,2069,37,2254,2545,50,3711,2129,45,2748,2480,135,4168,2770,22,3352,2994,38
TOTAL (STATES),KIDNAPPING AND ABDUCTION OF WOMEN AND GIRLS,27993,15611,2779,33821,26452,5978,33403,18154,3056,44792,30925,6101,36004,20323,2131,48523,34411,4072
A & N ISLANDS,KIDNAPPING AND ABDUCTION OF WOMEN AND GIRLS,8,7,0,11,16,0,12,8,0,14,14,0,7,7,1,7,7,1
CHANDIGARH,KIDNAPPING AND ABDUCTION OF WOMEN AND GIRLS,28,1,6,23,8,8,46,19,9,33,17,11,66,48,4,48,61,6
D & N HAVELI,KIDNAPPING AND ABDUCTION OF WOMEN AND GIRLS,10,3,1,7,3,1,8,5,0,3,6,0,9,8,1,11,12,1
DAMAN & DIU,KIDNAPPING AND ABDUCTION OF WOMEN AND GIRLS,2,0,0,0,0,0,2,0,0,8,0,0,0,3,0,0,8,0
DELHI,KIDNAPPING AND ABDUCTION OF WOMEN AND GIRLS,1740,289,85,366,352,85,2085,439,108,503,448,141,2160,353,177,478,422,190
LAKSHADWEEP,KIDNAPPING AND ABDUCTION OF WOMEN AND GIRLS,0,0,0,0,0,0,0,0,1,0,0,1,0,0,0,0,0,0
PUDUCHERRY,KIDNAPPING AND ABDUCTION OF WOMEN AND GIRLS,14,13,2,22,26,2,9,6,0,10,9,0,16,12,3,16,15,3
TOTAL (UTs),KIDNAPPING AND ABDUCTION OF WOMEN AND GIRLS,1802,313,94,429,405,96,2162,477,118,571,494,153,2258,431,186,560,525,201
TOTAL (ALL-INDIA),KIDNAPPING AND ABDUCTION OF WOMEN AND GIRLS,29795,15924,2873,34250,26857,6074,35565,18631,3174,45363,31419,6254,38262,20754,2317,49083,34936,4273
ANDHRA PRADESH,DOWRY DEATHS,588,543,80,1322,1383,230,599,522,56,1400,1240,265,504,532,55,1267,1391,146
ARUNACHAL PRADESH,DOWRY DEATHS,0,0,0,0,0,0,0,0,0,0,0,0,1,0,0,2,0,0
ASSAM,DOWRY DEATHS,175,132,13,263,192,24,121,77,13,146,134,30,140,85,10,215,153,18
BIHAR,DOWRY DEATHS,1257,831,146,2508,2658,351,1413,1454,163,3900,3309,323,1275,1349,164,3994,3741,314
CHHATTISGARH,DOWRY DEATHS,115,108,31,277,261,81,104,110,26,287,305,57,81,81,40,211,213,106
GOA,DOWRY DEATHS,1,0,1,5,0,1,1,2,0,2,6,0,0,1,0,0,2,0
GUJARAT,DOWRY DEATHS,19,15,1,28,34,4,30,26,0,62,58,0,21,22,0,38,38,0
HARYANA,DOWRY DEATHS,284,253,89,589,590,223,255,215,78,457,449,160,258,231,69,481,468,125
HIMACHAL PRADESH,DOWRY DEATHS,2,2,0,4,4,0,4,3,0,8,8,0,2,2,0,4,4,0
JAMMU & KASHMIR,DOWRY DEATHS,9,9,0,26,24,0,11,4,0,12,12,0,8,13,1,23,23,2
JHARKHAND,DOWRY DEATHS,276,235,74,567,585,186,282,228,63,536,483,137,302,252,87,444,490,173
KARNATAKA,DOWRY DEATHS,248,246,32,621,717,62,267,265,36,642,660,55,218,216,33,539,539,62
KERALA,DOWRY DEATHS,22,26,1,34,47,2,15,16,1,25,21,1,32,21,2,38,30,2
MADHYA PRADESH,DOWRY DEATHS,892,877,230,2564,2574,656,811,797,332,2144,2155,910,743,762,188,2142,2146,536
MAHARASHTRA,DOWRY DEATHS,393,401,22,1438,1377,63,339,359,33,1261,1276,85,329,297,32,1141,1129,85
MANIPUR,DOWRY DEATHS,0,0,0,0,0,0,1,0,0,5,0,0,0,0,0,0,0,0
MEGHALAYA,DOWRY DEATHS,0,0,0,0,0,0,1,1,0,3,1,0,1,0,0,4,0,0
MIZORAM,DOWRY DEATHS,0,0,0,0,0,0,0,0,0,0,0,0,0,0,0,0,0,0
NAGALAND,DOWRY DEATHS,0,0,0,0,0,0,0,0,0,0,0,0,0,0,0,0,0,0
ODISHA,DOWRY DEATHS,388,485,50,988,1048,131,465,406,49,858,849,111,525,494,24,903,875,45
PUNJAB,DOWRY DEATHS,121,104,56,288,292,138,143,119,48,364,295,127,118,95,46,274,223,109
RAJASTHAN,DOWRY DEATHS,462,347,100,616,610,183,514,380,105,673,673,186,478,357,95,631,629,196
SIKKIM,DOWRY DEATHS,1,0,0,2,0,0,0,0,0,0,0,0,1,2,0,9,4,0
TAMIL NADU,DOWRY DEATHS,165,151,46,313,300,102,152,113,26,336,217,52,110,124,20,278,343,59
TRIPURA,DOWRY DEATHS,25,23,3,62,56,6,30,37,5,57,46,16,37,27,5,87,49,8
UTTAR PRADESH,DOWRY DEATHS,2217,1757,992,9250,5958,3828,2322,1892,1024,9795,6260,3514,2244,1785,619,9884,6236,1936
UTTARAKHAND,DOWRY DEATHS,75,60,39,168,163,104,83,75,12,233,196,67,71,64,90,147,189,144
WEST BENGAL,DOWRY DEATHS,507,486,24,1124,1101,55,510,461,41,1118,1110,91,593,575,41,1345,1345,79
TOTAL (STATES),DOWRY DEATHS,8242,7091,2030,23057,19974,6430,8473,7562,2111,24324,19763,6187,8092,7387,1621,24101,20260,4145
A & N ISLANDS,DOWRY DEATHS,0,0,0,0,0,0,0,1,0,0,1,0,2,1,0,3,3,0
CHANDIGARH,DOWRY DEATHS,5,4,2,10,10,5,2,0,1,3,0,6,5,7,1,14,15,3
D & N HAVELI,DOWRY DEATHS,0,0,0,0,0,0,0,1,0,0,1,0,0,0,0,0,0,0
DAMAN & DIU,DOWRY DEATHS,0,0,0,0,0,0,0,0,0,0,0,0,0,0,0,0,0,0
DELHI,DOWRY DEATHS,143,136,27,209,199,68,142,130,51,246,221,113,134,141,62,300,317,148
LAKSHADWEEP,DOWRY DEATHS,0,0,0,0,0,0,0,0,0,0,0,0,0,0,0,0,0,0
PUDUCHERRY,DOWRY DEATHS,1,1,0,4,1,0,1,0,0,5,0,0,0,1,0,0,5,0
TOTAL (UTs),DOWRY DEATHS,149,141,29,223,210,73,145,132,52,254,223,119,141,150,63,317,340,151
TOTAL (ALL-INDIA),DOWRY DEATHS,8391,7232,2059,23280,20184,6503,8618,7694,2163,24578,19986,6306,8233,7537,1684,24418,20600,4296
ANDHRA PRADESH,ASSAULT ON WOMEN WITH INTENT TO OUTRAGE HER MODESTY,4634,3868,496,4622,4698,484,4849,3851,230,4554,4578,424,4816,3372,250,4834,4727,419
ARUNACHAL PRADESH,ASSAULT ON WOMEN WITH INTENT TO OUTRAGE HER MODESTY,84,54,4,88,61,5,51,43,6,69,48,6,67,51,12,77,52,12
ASSAM,ASSAULT ON WOMEN WITH INTENT TO OUTRAGE HER MODESTY,1400,892,73,2020,1090,138,1193,673,65,1794,1087,71,1840,1063,67,2250,1210,97
BIHAR,ASSAULT ON WOMEN WITH INTENT TO OUTRAGE HER MODESTY,534,482,73,808,676,109,790,899,83,1036,1150,97,118,299,49,278,639,59
CHHATTISGARH,ASSAULT ON WOMEN WITH INTENT TO OUTRAGE HER MODESTY,1706,1650,409,1969,1960,512,1654,1634,411,1948,1941,497,1601,1587,456,1891,1879,491
GOA,ASSAULT ON WOMEN WITH INTENT TO OUTRAGE HER MODESTY,36,32,4,37,38,4,29,28,2,28,30,2,49,21,1,42,24,1
GUJARAT,ASSAULT ON WOMEN WITH INTENT TO OUTRAGE HER MODESTY,668,659,22,986,972,29,685,658,15,1051,1063,17,745,714,8,1118,1109,8
HARYANA,ASSAULT ON WOMEN WITH INTENT TO OUTRAGE HER MODESTY,476,415,117,605,596,165,474,396,125,534,517,154,525,476,118,698,733,147
HIMACHAL PRADESH,ASSAULT ON WOMEN WITH INTENT TO OUTRAGE HER MODESTY,350,334,17,418,421,27,331,294,28,373,358,35,250,250,27,317,332,33
JAMMU & KASHMIR,ASSAULT ON WOMEN WITH INTENT TO OUTRAGE HER MODESTY,1038,889,29,2053,2049,55,1194,1183,25,2759,2755,46,1322,1233,95,2814,2814,155
JHARKHAND,ASSAULT ON WOMEN WITH INTENT TO OUTRAGE HER MODESTY,245,221,49,273,318,58,317,244,59,340,301,73,284,242,114,355,355,149
KARNATAKA,ASSAULT ON WOMEN WITH INTENT TO OUTRAGE HER MODESTY,2544,2169,52,3411,3102,89,2608,2302,82,3381,3190,75,2978,2489,71,3982,3861,174
KERALA,ASSAULT ON WOMEN WITH INTENT TO OUTRAGE HER MODESTY,2936,2682,168,3585,3602,246,3756,3287,152,4257,4125,238,3735,3473,186,4167,4131,285
MADHYA PRADESH,ASSAULT ON WOMEN WITH INTENT TO OUTRAGE HER MODESTY,6646,6609,1749,7863,7838,2155,6665,6640,2040,7904,7912,1995,6655,6466,1413,8085,8062,1655
MAHARASHTRA,ASSAULT ON WOMEN WITH INTENT TO OUTRAGE HER MODESTY,3661,3311,162,4386,4047,206,3794,3476,173,4704,4666,198,3935,3625,213,4885,4723,256
MANIPUR,ASSAULT ON WOMEN WITH INTENT TO OUTRAGE HER MODESTY,31,0,0,23,0,0,38,0,0,24,0,0,49,7,0,34,7,0
MEGHALAYA,ASSAULT ON WOMEN WITH INTENT TO OUTRAGE HER MODESTY,48,33,3,29,27,4,74,39,4,58,44,8,43,32,2,45,34,2
MIZORAM,ASSAULT ON WOMEN WITH INTENT TO OUTRAGE HER MODESTY,75,73,71,79,81,122,72,61,31,63,61,26,85,81,45,82,78,47
NAGALAND,ASSAULT ON WOMEN WITH INTENT TO OUTRAGE HER MODESTY,13,12,9,15,11,1,9,6,12,12,9,12,16,19,10,16,15,12
ODISHA,ASSAULT ON WOMEN WITH INTENT TO OUTRAGE HER MODESTY,2905,2719,98,4116,4265,147,3207,3230,134,4541,4455,180,4187,3810,203,6060,5879,246
PUNJAB,ASSAULT ON WOMEN WITH INTENT TO OUTRAGE HER MODESTY,349,235,77,454,445,162,282,183,75,402,314,126,340,182,46,413,284,79
RAJASTHAN,ASSAULT ON WOMEN WITH INTENT TO OUTRAGE HER MODESTY,2339,1727,550,2598,2598,804,2447,1802,603,2740,2736,892,2352,1700,696,2658,2656,1145
SIKKIM,ASSAULT ON WOMEN WITH INTENT TO OUTRAGE HER MODESTY,11,13,3,23,13,3,24,16,6,17,17,12,19,15,1,17,9,1
TAMIL NADU,ASSAULT ON WOMEN WITH INTENT TO OUTRAGE HER MODESTY,1405,987,508,1946,1598,765,1467,1043,346,2092,1752,516,1494,1108,241,2091,1974,387
TRIPURA,ASSAULT ON WOMEN WITH INTENT TO OUTRAGE HER MODESTY,376,308,22,456,358,36,294,297,14,455,312,19,314,291,41,375,367,44
UTTAR PRADESH,ASSAULT ON WOMEN WITH INTENT TO OUTRAGE HER MODESTY,2793,2513,1818,4189,3646,2810,3455,3174,1922,5252,4631,2638,3247,2886,1137,5143,4411,1506
UTTARAKHAND,ASSAULT ON WOMEN WITH INTENT TO OUTRAGE HER MODESTY,125,116,51,184,183,65,116,106,55,153,153,71,139,129,138,199,197,168
WEST BENGAL,ASSAULT ON WOMEN WITH INTENT TO OUTRAGE HER MODESTY,2465,1915,81,1841,2167,91,2363,2270,66,2243,2071,108,3345,2897,110,2879,2897,138
TOTAL (STATES),ASSAULT ON WOMEN WITH INTENT TO OUTRAGE HER MODESTY,39893,34918,6715,49077,46860,9292,42238,37835,6764,52784,50276,8536,44550,38518,5750,55805,53459,7716
A & N ISLANDS,ASSAULT ON WOMEN WITH INTENT TO OUTRAGE HER MODESTY,31,24,0,40,34,0,15,16,1,15,16,1,17,14,1,20,14,1
CHANDIGARH,ASSAULT ON WOMEN WITH INTENT TO OUTRAGE HER MODESTY,29,24,7,28,30,7,21,24,1,24,29,1,45,30,1,54,28,1
D & N HAVELI,ASSAULT ON WOMEN WITH INTENT TO OUTRAGE HER MODESTY,11,5,1,12,5,2,2,5,1,2,8,1,2,2,1,2,2,1
DAMAN & DIU,ASSAULT ON WOMEN WITH INTENT TO OUTRAGE HER MODESTY,2,3,0,2,1,0,0,1,1,0,1,1,0,0,0,0,0,0
DELHI,ASSAULT ON WOMEN WITH INTENT TO OUTRAGE HER MODESTY,601,572,169,794,721,336,657,619,198,865,824,256,727,671,327,939,886,452
LAKSHADWEEP,ASSAULT ON WOMEN WITH INTENT TO OUTRAGE HER MODESTY,0,0,0,0,0,0,0,0,0,0,0,0,1,0,0,0,0,0
PUDUCHERRY,ASSAULT ON WOMEN WITH INTENT TO OUTRAGE HER MODESTY,46,43,7,71,72,11,35,26,3,77,56,10,9,8,2,7,13,12
TOTAL (UTs),ASSAULT ON WOMEN WITH INTENT TO OUTRAGE HER MODESTY,720,671,184,947,863,356,730,691,205,983,934,270,801,725,332,1022,943,467
TOTAL (ALL-INDIA),ASSAULT ON WOMEN WITH INTENT TO OUTRAGE HER MODESTY,40613,35589,6899,50024,47723,9648,42968,38526,6969,53767,51210,8806,45351,39243,6082,56827,54402,8183
ANDHRA PRADESH,INSULT TO THE MODESTY OF WOMEN,4562,3332,731,3820,3965,861,3658,3291,639,4122,4223,852,3714,3104,693,4348,4077,690
ARUNACHAL PRADESH,INSULT TO THE MODESTY OF WOMEN,1,0,0,1,0,0,0,1,0,0,1,0,2,0,0,0,0,0
ASSAM,INSULT TO THE MODESTY OF WOMEN,20,9,3,35,13,6,8,6,0,26,9,0,5,1,0,12,8,0
BIHAR,INSULT TO THE MODESTY OF WOMEN,16,9,0,22,20,0,11,14,0,9,16,0,37,33,0,39,40,0
CHHATTISGARH,INSULT TO THE MODESTY OF WOMEN,182,172,31,261,258,65,174,165,23,250,254,37,162,156,28,193,195,38
GOA,INSULT TO THE MODESTY OF WOMEN,16,13,2,22,21,2,12,7,2,16,9,2,16,6,1,17,8,1
GUJARAT,INSULT TO THE MODESTY OF WOMEN,110,98,9,131,134,13,93,81,9,168,164,9,93,92,16,117,120,16
HARYANA,INSULT TO THE MODESTY OF WOMEN,580,526,334,635,628,408,490,455,382,564,555,429,434,417,274,558,577,313
HIMACHAL PRADESH,INSULT TO THE MODESTY OF WOMEN,78,51,1,73,65,1,62,52,2,56,59,1,68,52,1,91,79,2
JAMMU & KASHMIR,INSULT TO THE MODESTY OF WOMEN,262,234,100,295,295,139,350,337,94,458,458,117,347,330,98,447,447,149
JHARKHAND,INSULT TO THE MODESTY OF WOMEN,16,11,3,20,37,3,7,13,7,16,14,4,10,20,5,51,29,6
KARNATAKA,INSULT TO THE MODESTY OF WOMEN,83,16,0,22,21,0,81,47,2,44,47,3,100,150,1,147,137,2
KERALA,INSULT TO THE MODESTY OF WOMEN,537,515,70,604,617,78,573,516,108,598,580,133,498,469,83,538,516,101
MADHYA PRADESH,INSULT TO THE MODESTY OF WOMEN,918,899,309,1182,1183,340,762,748,340,850,851,412,774,772,160,1056,1058,190
MAHARASHTRA,INSULT TO THE MODESTY OF WOMEN,1180,1063,34,1515,1441,42,1071,1013,38,1300,1321,47,1294,1044,30,1548,1433,34
MANIPUR,INSULT TO THE MODESTY OF WOMEN,0,0,0,0,0,0,0,1,0,1,1,0,1,0,0,0,0,0
MEGHALAYA,INSULT TO THE MODESTY OF WOMEN,0,0,0,0,0,0,1,0,0,0,0,0,0,0,0,0,0,0
MIZORAM,INSULT TO THE MODESTY OF WOMEN,0,0,1,0,0,2,1,0,0,0,0,0,0,1,1,1,1,1
NAGALAND,INSULT TO THE MODESTY OF WOMEN,3,2,0,3,3,0,0,1,1,0,1,2,0,0,0,0,0,0
ODISHA,INSULT TO THE MODESTY OF WOMEN,232,231,11,354,346,16,235,233,12,313,302,15,304,262,18,376,371,23
PUNJAB,INSULT TO THE MODESTY OF WOMEN,38,27,13,42,36,17,31,23,11,34,32,15,31,13,3,45,24,5
RAJASTHAN,INSULT TO THE MODESTY OF WOMEN,23,17,9,22,22,11,9,7,7,13,13,7,18,15,5,20,20,4
SIKKIM,INSULT TO THE MODESTY OF WOMEN,0,0,0,0,0,0,0,0,0,0,0,0,0,0,0,0,0,0
TAMIL NADU,INSULT TO THE MODESTY OF WOMEN,638,624,417,739,752,353,464,343,170,490,457,186,382,351,113,470,332,154
TRIPURA,INSULT TO THE MODESTY OF WOMEN,9,4,0,9,7,0,9,6,0,9,9,0,7,10,1,15,15,1
UTTAR PRADESH,INSULT TO THE MODESTY OF WOMEN,11,21,1951,15,36,3157,3,1,1642,3,1,2158,8,9,826,14,14,1167
UTTARAKHAND,INSULT TO THE MODESTY OF WOMEN,165,169,244,282,291,228,72,70,109,111,110,149,73,67,49,103,98,66
WEST BENGAL,INSULT TO THE MODESTY OF WOMEN,163,127,37,165,140,44,200,147,41,225,175,43,556,380,96,617,406,99
TOTAL (STATES),INSULT TO THE MODESTY OF WOMEN,9843,8170,4310,10269,10331,5786,8377,7578,3639,9676,9662,4621,8934,7754,2502,10823,10005,3062
A & N ISLANDS,INSULT TO THE MODESTY OF WOMEN,10,7,0,14,11,0,3,6,0,7,11,0,4,4,0,6,4,0
CHANDIGARH,INSULT TO THE MODESTY OF WOMEN,4,0,8,2,0,12,12,10,0,11,12,0,25,15,0,32,22,0
D & N HAVELI,INSULT TO THE MODESTY OF WOMEN,2,1,0,2,2,0,0,1,0,1,1,0,0,0,0,0,0,0
DAMAN & DIU,INSULT TO THE MODESTY OF WOMEN,0,0,0,0,0,0,0,0,0,0,0,0,0,0,0,0,0,0
DELHI,INSULT TO THE MODESTY OF WOMEN,80,100,47,89,100,74,162,140,33,165,156,43,208,158,63,231,193,73
LAKSHADWEEP,INSULT TO THE MODESTY OF WOMEN,0,0,0,0,0,0,0,0,0,0,0,0,0,0,0,0,0,0
PUDUCHERRY,INSULT TO THE MODESTY OF WOMEN,22,20,2,28,26,6,16,11,4,20,12,4,2,6,1,17,23,1
TOTAL (UTs),INSULT TO THE MODESTY OF WOMEN,118,128,57,135,139,92,193,168,37,204,192,47,239,183,64,286,242,74
TOTAL (ALL-INDIA),INSULT TO THE MODESTY OF WOMEN,9961,8298,4367,10404,10470,5878,8570,7746,3676,9880,9854,4668,9173,7937,2566,11109,10247,3136
ANDHRA PRADESH,CRUELTY BY HUSBAND OR HIS RELATIVES,12080,11459,756,21572,22299,1554,13376,10499,618,20719,20028,1787,13389,10689,661,21251,21339,1586
ARUNACHAL PRADESH,CRUELTY BY HUSBAND OR HIS RELATIVES,12,8,1,11,8,1,18,8,0,16,8,0,26,20,2,26,20,2
ASSAM,CRUELTY BY HUSBAND OR HIS RELATIVES,5410,3155,227,6208,3762,390,5246,3048,310,4894,3167,299,6407,3971,205,5435,3763,287
BIHAR,CRUELTY BY HUSBAND OR HIS RELATIVES,2271,1465,182,3850,3630,390,2607,2215,237,5134,4273,422,3686,3125,171,6963,6970,368
CHHATTISGARH,CRUELTY BY HUSBAND OR HIS RELATIVES,861,834,142,2450,2407,339,834,794,139,2200,2220,350,980,957,242,2581,2575,604
GOA,CRUELTY BY HUSBAND OR HIS RELATIVES,17,14,0,41,42,0,18,10,1,21,22,1,24,7,1,54,20,1
GUJARAT,CRUELTY BY HUSBAND OR HIS RELATIVES,5600,5447,110,16877,16768,784,6052,6001,69,18141,18150,198,6658,6522,110,19982,19638,299
HARYANA,CRUELTY BY HUSBAND OR HIS RELATIVES,2720,1684,131,4057,3794,531,2740,1834,175,3533,3590,336,3137,2011,188,3606,3639,345
HIMACHAL PRADESH,CRUELTY BY HUSBAND OR HIS RELATIVES,275,235,7,677,664,26,239,198,8,507,496,9,251,215,6,505,519,15
JAMMU & KASHMIR,CRUELTY BY HUSBAND OR HIS RELATIVES,211,157,8,418,412,6,286,248,2,617,616,7,301,273,2,634,634,2
JHARKHAND,CRUELTY BY HUSBAND OR HIS RELATIVES,650,618,177,1600,2361,411,659,553,195,1346,1237,417,1261,929,156,2207,1811,251
KARNATAKA,CRUELTY BY HUSBAND OR HIS RELATIVES,3441,2994,75,6515,5832,183,3712,3137,115,6801,6468,157,3684,3162,71,6317,5919,174
KERALA,CRUELTY BY HUSBAND OR HIS RELATIVES,4797,4461,127,7522,7492,222,5377,4639,151,7305,7231,313,5216,5026,168,6923,6712,254
MADHYA PRADESH,CRUELTY BY HUSBAND OR HIS RELATIVES,3756,3669,871,10253,10269,2708,3732,3717,1246,10313,10323,2699,3988,3970,697,11104,11110,1937
MAHARASHTRA,CRUELTY BY HUSBAND OR HIS RELATIVES,7434,7354,104,28261,27819,344,7136,6504,103,26325,26392,357,7415,6946,113,27379,26677,372
MANIPUR,CRUELTY BY HUSBAND OR HIS RELATIVES,18,0,0,13,0,0,39,0,0,22,0,0,43,7,0,21,7,0
MEGHALAYA,CRUELTY BY HUSBAND OR HIS RELATIVES,24,10,0,11,9,0,21,30,0,34,25,0,16,8,0,14,12,0
MIZORAM,CRUELTY BY HUSBAND OR HIS RELATIVES,3,3,2,3,3,2,9,7,6,7,7,6,8,7,7,7,7,7
NAGALAND,CRUELTY BY HUSBAND OR HIS RELATIVES,1,1,2,3,3,3,1,1,0,1,1,0,0,0,0,0,0,0
ODISHA,CRUELTY BY HUSBAND OR HIS RELATIVES,2067,2164,99,4840,4822,258,2320,2042,110,3739,3822,219,2638,2364,146,4699,4904,256
PUNJAB,CRUELTY BY HUSBAND OR HIS RELATIVES,1163,845,123,2159,2132,355,1136,799,104,2229,2044,289,1293,718,113,2288,1490,408
RAJASTHAN,CRUELTY BY HUSBAND OR HIS RELATIVES,11145,6192,1042,9113,9096,2115,12218,6622,1203,9791,9692,2001,13312,6934,1480,9949,9969,2341
SIKKIM,CRUELTY BY HUSBAND OR HIS RELATIVES,3,3,0,4,3,0,4,4,1,4,4,1,4,2,3,6,4,6
TAMIL NADU,CRUELTY BY HUSBAND OR HIS RELATIVES,1570,1165,211,2981,2860,519,1812,1130,219,2879,2379,410,1965,1496,203,4019,3092,495
TRIPURA,CRUELTY BY HUSBAND OR HIS RELATIVES,937,781,39,1172,873,67,702,758,43,1776,1270,46,858,793,213,1147,1296,270
UTTAR PRADESH,CRUELTY BY HUSBAND OR HIS RELATIVES,7978,5776,3024,29853,22468,11741,7121,5352,2821,33465,20751,10784,7661,4461,1414,36115,19689,5105
UTTARAKHAND,CRUELTY BY HUSBAND OR HIS RELATIVES,334,264,64,625,588,518,307,220,39,382,505,111,368,255,122,484,386,175
WEST BENGAL,CRUELTY BY HUSBAND OR HIS RELATIVES,17796,16946,148,18387,19464,211,19772,16271,161,17583,16499,217,19865,21556,199,22911,23083,377
TOTAL (STATES),CRUELTY BY HUSBAND OR HIS RELATIVES,92574,77704,7672,179476,169880,23678,97494,76641,8076,179784,161220,21436,104454,86424,6693,196627,175285,15937
A & N ISLANDS,CRUELTY BY HUSBAND OR HIS RELATIVES,9,9,0,12,22,0,5,2,0,8,5,0,5,3,0,4,3,0
CHANDIGARH,CRUELTY BY HUSBAND OR HIS RELATIVES,41,27,7,18,20,9,46,29,4,24,3,8,73,55,8,86,93,17
D & N HAVELI,CRUELTY BY HUSBAND OR HIS RELATIVES,3,3,2,14,9,3,3,2,0,4,5,0,0,1,0,0,4,0
DAMAN & DIU,CRUELTY BY HUSBAND OR HIS RELATIVES,3,2,0,6,5,0,2,1,0,0,1,0,3,2,0,11,8,0
DELHI,CRUELTY BY HUSBAND OR HIS RELATIVES,1404,838,83,878,838,147,1575,1104,87,860,721,218,1985,1143,215,1026,626,448
LAKSHADWEEP,CRUELTY BY HUSBAND OR HIS RELATIVES,0,0,0,0,0,0,0,1,0,0,1,0,1,0,0,1,0,0
PUDUCHERRY,CRUELTY BY HUSBAND OR HIS RELATIVES,7,7,0,9,9,0,10,6,0,21,11,0,6,5,0,7,11,0
TOTAL (UTs),CRUELTY BY HUSBAND OR HIS RELATIVES,1467,886,92,937,903,159,1641,1145,91,917,747,226,2073,1209,223,1135,745,465
TOTAL (ALL-INDIA),CRUELTY BY HUSBAND OR HIS RELATIVES,94041,78590,7764,180413,170783,23837,99135,77786,8167,180701,161967,21662,106527,87633,6916,197762,176030,16402
ANDHRA PRADESH,IMPORTATION OF GIRLS FROM FOREIGN COUNTRY,0,0,0,0,0,0,0,0,0,0,0,0,0,0,0,0,0,0
ARUNACHAL PRADESH,IMPORTATION OF GIRLS FROM FOREIGN COUNTRY,0,0,0,0,0,0,0,0,0,0,0,0,0,0,0,0,0,0
ASSAM,IMPORTATION OF GIRLS FROM FOREIGN COUNTRY,0,0,0,0,0,0,2,2,0,2,2,0,2,0,0,2,0,0
BIHAR,IMPORTATION OF GIRLS FROM FOREIGN COUNTRY,8,9,1,26,18,1,10,26,3,26,50,3,4,3,6,6,4,7
CHHATTISGARH,IMPORTATION OF GIRLS FROM FOREIGN COUNTRY,2,2,0,5,5,0,2,1,0,7,7,0,0,1,1,0,1,1
GOA,IMPORTATION OF GIRLS FROM FOREIGN COUNTRY,0,0,0,0,0,0,0,0,0,0,0,0,0,0,0,0,0,0
GUJARAT,IMPORTATION OF GIRLS FROM FOREIGN COUNTRY,0,0,0,0,0,0,0,0,0,0,0,0,0,0,0,0,0,0
HARYANA,IMPORTATION OF GIRLS FROM FOREIGN COUNTRY,0,0,0,0,0,0,0,0,0,0,0,0,0,0,0,0,0,0
HIMACHAL PRADESH,IMPORTATION OF GIRLS FROM FOREIGN COUNTRY,0,0,0,0,0,0,0,0,0,0,0,0,0,0,0,0,0,0
JAMMU & KASHMIR,IMPORTATION OF GIRLS FROM FOREIGN COUNTRY,0,0,0,0,0,0,0,0,0,0,0,0,0,0,0,0,0,0
JHARKHAND,IMPORTATION OF GIRLS FROM FOREIGN COUNTRY,8,3,3,15,20,5,6,3,2,1,3,1,3,3,1,3,3,1
KARNATAKA,IMPORTATION OF GIRLS FROM FOREIGN COUNTRY,0,0,0,0,0,0,12,1,0,2,2,0,32,0,0,0,0,0
KERALA,IMPORTATION OF GIRLS FROM FOREIGN COUNTRY,0,0,0,0,0,0,0,0,0,0,0,0,0,0,0,0,0,0
MADHYA PRADESH,IMPORTATION OF GIRLS FROM FOREIGN COUNTRY,5,5,0,19,19,0,45,39,0,178,173,0,6,9,1,10,15,3
MAHARASHTRA,IMPORTATION OF GIRLS FROM FOREIGN COUNTRY,0,0,0,0,0,0,0,0,0,0,0,0,0,0,0,0,0,0
MANIPUR,IMPORTATION OF GIRLS FROM FOREIGN COUNTRY,0,0,0,0,0,0,0,0,0,0,0,0,0,0,0,0,0,0
MEGHALAYA,IMPORTATION OF GIRLS FROM FOREIGN COUNTRY,0,0,0,0,0,0,3,0,0,2,0,0,0,2,0,0,2,0
MIZORAM,IMPORTATION OF GIRLS FROM FOREIGN COUNTRY,0,0,0,0,0,0,0,0,0,0,0,0,0,0,0,0,0,0
NAGALAND,IMPORTATION OF GIRLS FROM FOREIGN COUNTRY,0,0,0,0,0,0,0,0,0,0,0,0,0,0,0,0,0,0
ODISHA,IMPORTATION OF GIRLS FROM FOREIGN COUNTRY,5,2,0,5,5,0,0,3,0,3,3,0,0,0,0,0,0,0
PUNJAB,IMPORTATION OF GIRLS FROM FOREIGN COUNTRY,0,0,0,0,0,0,0,0,0,0,0,0,0,0,0,0,0,0
RAJASTHAN,IMPORTATION OF GIRLS FROM FOREIGN COUNTRY,0,0,0,0,0,0,0,0,0,0,0,0,0,0,0,0,0,0
SIKKIM,IMPORTATION OF GIRLS FROM FOREIGN COUNTRY,0,0,0,0,0,0,0,0,0,0,0,0,0,0,0,0,0,0
TAMIL NADU,IMPORTATION OF GIRLS FROM FOREIGN COUNTRY,0,0,0,0,0,0,0,0,0,0,0,0,0,0,0,0,0,0
TRIPURA,IMPORTATION OF GIRLS FROM FOREIGN COUNTRY,0,0,0,0,0,0,0,0,0,0,0,0,0,0,0,0,0,0
UTTAR PRADESH,IMPORTATION OF GIRLS FROM FOREIGN COUNTRY,0,0,0,0,0,0,0,0,0,0,0,0,0,0,0,0,0,0
UTTARAKHAND,IMPORTATION OF GIRLS FROM FOREIGN COUNTRY,0,0,0,0,0,0,0,0,0,0,0,0,0,0,0,0,0,0
WEST BENGAL,IMPORTATION OF GIRLS FROM FOREIGN COUNTRY,8,8,0,11,8,0,0,0,0,0,0,0,12,9,1,25,20,2
TOTAL (STATES),IMPORTATION OF GIRLS FROM FOREIGN COUNTRY,36,29,4,81,75,6,80,75,5,221,240,4,59,27,10,46,45,14
A & N ISLANDS,IMPORTATION OF GIRLS FROM FOREIGN COUNTRY,0,0,0,0,0,0,0,0,0,0,0,0,0,0,0,0,0,0
CHANDIGARH,IMPORTATION OF GIRLS FROM FOREIGN COUNTRY,0,0,0,0,0,0,0,0,0,0,0,0,0,0,0,0,0,0
D & N HAVELI,IMPORTATION OF GIRLS FROM FOREIGN COUNTRY,0,0,0,0,0,0,0,0,0,0,0,0,0,0,0,0,0,0
DAMAN & DIU,IMPORTATION OF GIRLS FROM FOREIGN COUNTRY,0,0,0,0,0,0,0,0,0,0,0,0,0,0,0,0,0,0
DELHI,IMPORTATION OF GIRLS FROM FOREIGN COUNTRY,0,0,0,0,0,0,0,0,0,0,0,0,0,0,0,0,0,0
LAKSHADWEEP,IMPORTATION OF GIRLS FROM FOREIGN COUNTRY,0,0,0,0,0,0,0,0,0,0,0,0,0,0,0,0,0,0
PUDUCHERRY,IMPORTATION OF GIRLS FROM FOREIGN COUNTRY,0,0,0,0,0,0,0,0,0,0,0,0,0,0,0,0,0,0
TOTAL (UTs),IMPORTATION OF GIRLS FROM FOREIGN COUNTRY,0,0,0,0,0,0,0,0,0,0,0,0,0,0,0,0,0,0
TOTAL (ALL-INDIA),IMPORTATION OF GIRLS FROM FOREIGN COUNTRY,36,29,4,81,75,6,80,75,5,221,240,4,59,27,10,46,45,14
ANDHRA PRADESH,"IMMORAL TRAFFIC (P) ACT, 1956",548,443,76,1332,1287,162,497,457,130,1267,1164,352,472,492,214,1354,1376,301
ARUNACHAL PRADESH,"IMMORAL TRAFFIC (P) ACT, 1956",0,0,0,0,0,0,0,0,0,0,0,0,1,0,0,1,0,0
ASSAM,"IMMORAL TRAFFIC (P) ACT, 1956",25,14,2,49,31,4,21,14,0,55,27,0,30,16,0,51,31,0
BIHAR,"IMMORAL TRAFFIC (P) ACT, 1956",24,37,4,52,67,5,23,23,6,34,40,7,35,26,3,116,64,3
CHHATTISGARH,"IMMORAL TRAFFIC (P) ACT, 1956",12,10,2,51,52,8,15,18,2,60,66,9,5,5,15,22,22,7
GOA,"IMMORAL TRAFFIC (P) ACT, 1956",16,14,0,44,36,0,18,15,3,42,31,3,40,9,2,100,26,3
GUJARAT,"IMMORAL TRAFFIC (P) ACT, 1956",46,46,2,157,157,4,46,48,3,206,218,11,44,33,0,124,95,0
HARYANA,"IMMORAL TRAFFIC (P) ACT, 1956",57,57,28,226,233,94,57,55,7,251,244,37,69,69,20,303,290,77
HIMACHAL PRADESH,"IMMORAL TRAFFIC (P) ACT, 1956",1,1,0,11,11,0,2,1,1,3,3,12,6,4,0,18,14,0
JAMMU & KASHMIR,"IMMORAL TRAFFIC (P) ACT, 1956",4,0,0,0,0,0,1,2,0,8,7,0,3,4,0,13,13,0
JHARKHAND,"IMMORAL TRAFFIC (P) ACT, 1956",13,7,2,23,25,7,15,17,5,22,16,7,12,9,1,20,11,7
KARNATAKA,"IMMORAL TRAFFIC (P) ACT, 1956",242,250,263,934,1025,358,351,331,118,1387,1344,362,335,276,100,1240,1170,241
KERALA,"IMMORAL TRAFFIC (P) ACT, 1956",309,328,217,576,628,274,197,204,124,308,330,207,210,219,105,324,342,146
MADHYA PRADESH,"IMMORAL TRAFFIC (P) ACT, 1956",19,18,14,91,84,10,24,26,16,193,200,70,13,13,6,59,59,29
MAHARASHTRA,"IMMORAL TRAFFIC (P) ACT, 1956",306,324,74,1007,1027,169,390,297,41,1392,1613,64,366,328,20,1621,1338,44
MANIPUR,"IMMORAL TRAFFIC (P) ACT, 1956",0,0,0,0,0,0,0,0,0,0,0,0,15,0,0,0,0,0
MEGHALAYA,"IMMORAL TRAFFIC (P) ACT, 1956",3,1,0,12,4,0,2,1,0,15,2,0,7,0,0,20,0,0
MIZORAM,"IMMORAL TRAFFIC (P) ACT, 1956",0,1,1,0,1,1,8,3,1,5,5,3,0,0,2,0,0,2
NAGALAND,"IMMORAL TRAFFIC (P) ACT, 1956",2,3,4,15,12,1,2,2,2,6,6,16,4,4,2,26,28,24
ODISHA,"IMMORAL TRAFFIC (P) ACT, 1956",25,25,4,97,136,7,23,20,0,69,62,0,24,20,1,82,73,3
PUNJAB,"IMMORAL TRAFFIC (P) ACT, 1956",59,52,15,288,251,68,50,54,14,214,195,41,86,68,11,402,311,58
RAJASTHAN,"IMMORAL TRAFFIC (P) ACT, 1956",82,83,16,299,302,31,81,77,56,339,324,163,99,96,20,349,356,47
SIKKIM,"IMMORAL TRAFFIC (P) ACT, 1956",3,1,0,5,1,0,1,1,0,7,4,0,0,2,4,0,5,8
TAMIL NADU,"IMMORAL TRAFFIC (P) ACT, 1956",567,575,315,921,930,668,420,470,315,878,802,475,500,333,153,927,720,332
TRIPURA,"IMMORAL TRAFFIC (P) ACT, 1956",1,1,0,1,1,0,2,0,0,8,0,0,0,0,0,0,0,0
UTTAR PRADESH,"IMMORAL TRAFFIC (P) ACT, 1956",23,21,28,119,97,201,43,39,32,256,255,173,31,32,13,187,178,74
UTTARAKHAND,"IMMORAL TRAFFIC (P) ACT, 1956",4,4,7,27,27,19,3,3,3,14,14,8,12,9,3,61,45,15
WEST BENGAL,"IMMORAL TRAFFIC (P) ACT, 1956",56,57,11,227,193,42,96,57,13,336,218,39,109,103,18,455,328,43
TOTAL (STATES),"IMMORAL TRAFFIC (P) ACT, 1956",2447,2373,1085,6564,6618,2133,2388,2235,892,7375,7190,2059,2528,2170,713,7875,6895,1464
A & N ISLANDS,"IMMORAL TRAFFIC (P) ACT, 1956",3,1,0,15,1,0,3,0,0,14,0,0,2,6,0,16,27,0
CHANDIGARH,"IMMORAL TRAFFIC (P) ACT, 1956",3,5,0,13,18,0,1,0,0,5,0,0,0,1,0,0,5,0
D & N HAVELI,"IMMORAL TRAFFIC (P) ACT, 1956",1,1,0,8,8,0,1,0,0,0,0,0,2,3,0,12,12,0
DAMAN & DIU,"IMMORAL TRAFFIC (P) ACT, 1956",6,5,0,42,35,0,6,4,0,47,28,0,3,5,0,24,29,0
DELHI,"IMMORAL TRAFFIC (P) ACT, 1956",28,35,32,96,101,84,33,38,24,123,84,61,24,25,31,104,88,85
LAKSHADWEEP,"IMMORAL TRAFFIC (P) ACT, 1956",0,0,0,0,0,0,0,0,0,0,0,0,0,0,0,0,0,0
PUDUCHERRY,"IMMORAL TRAFFIC (P) ACT, 1956",11,11,8,37,37,25,3,3,2,17,17,13,4,0,2,21,0,7
TOTAL (UTs),"IMMORAL TRAFFIC (P) ACT, 1956",52,58,40,211,200,109,47,45,26,206,129,74,35,40,33,177,161,92
TOTAL (ALL-INDIA),"IMMORAL TRAFFIC (P) ACT, 1956",2499,2431,1125,6775,6818,2242,2435,2280,918,7581,7319,2133,2563,2210,746,8052,7056,1556
ANDHRA PRADESH,"DOWRY PROHIBITION ACT, 1961",1186,1143,66,1615,1525,134,1899,1372,29,1925,1461,84,2511,2076,31,2780,2834,81
ARUNACHAL PRADESH,"DOWRY PROHIBITION ACT, 1961",0,0,0,0,0,0,0,0,0,0,0,0,0,0,0,0,0,0
ASSAM,"DOWRY PROHIBITION ACT, 1961",37,10,3,105,37,8,19,22,0,15,16,0,41,29,1,63,33,2
BIHAR,"DOWRY PROHIBITION ACT, 1961",997,765,120,2473,2257,222,1393,1504,145,3268,2836,374,1353,1203,115,2778,2768,313
CHHATTISGARH,"DOWRY PROHIBITION ACT, 1961",6,6,4,13,13,9,18,14,3,42,42,8,14,16,3,40,40,10
GOA,"DOWRY PROHIBITION ACT, 1961",0,0,0,0,0,0,0,0,0,0,0,0,0,0,0,0,0,0
GUJARAT,"DOWRY PROHIBITION ACT, 1961",7,7,0,12,12,0,28,23,0,86,70,0,0,5,0,0,16,0
HARYANA,"DOWRY PROHIBITION ACT, 1961",11,4,0,19,14,0,9,7,1,8,11,1,9,6,3,8,10,17
HIMACHAL PRADESH,"DOWRY PROHIBITION ACT, 1961",0,0,0,0,0,0,0,1,0,0,5,0,0,0,0,0,0,0
JAMMU & KASHMIR,"DOWRY PROHIBITION ACT, 1961",2,1,0,2,2,0,3,1,0,1,1,0,3,1,0,1,1,0
JHARKHAND,"DOWRY PROHIBITION ACT, 1961",404,384,72,1108,1089,189,402,309,110,953,855,201,1066,654,117,1689,1366,207
KARNATAKA,"DOWRY PROHIBITION ACT, 1961",1077,767,21,2154,1866,47,1210,966,40,2287,2286,96,1328,844,23,2578,2418,65
KERALA,"DOWRY PROHIBITION ACT, 1961",7,3,0,7,5,0,5,3,0,5,5,0,3,5,0,6,7,0
MADHYA PRADESH,"DOWRY PROHIBITION ACT, 1961",67,61,19,152,154,36,66,73,22,170,170,194,101,100,11,321,321,38
MAHARASHTRA,"DOWRY PROHIBITION ACT, 1961",40,44,2,120,128,4,44,44,2,173,165,3,33,32,3,106,98,9
MANIPUR,"DOWRY PROHIBITION ACT, 1961",0,0,0,0,0,0,0,0,0,0,0,0,0,0,0,0,0,0
MEGHALAYA,"DOWRY PROHIBITION ACT, 1961",0,0,0,0,0,0,0,0,0,0,0,0,0,0,0,0,0,0
MIZORAM,"DOWRY PROHIBITION ACT, 1961",0,0,0,0,0,0,0,0,0,0,0,0,0,0,0,0,0,0
NAGALAND,"DOWRY PROHIBITION ACT, 1961",0,0,0,0,0,0,0,0,0,0,0,0,0,0,0,0,0,0
ODISHA,"DOWRY PROHIBITION ACT, 1961",942,1072,60,3279,3212,144,1062,1158,78,2267,2286,162,1487,1312,72,2049,2081,171
PUNJAB,"DOWRY PROHIBITION ACT, 1961",1,5,0,3,15,0,3,1,2,6,7,2,1,1,0,0,1,0
RAJASTHAN,"DOWRY PROHIBITION ACT, 1961",3,0,0,0,0,0,4,0,0,0,0,0,39,20,1,50,50,4
SIKKIM,"DOWRY PROHIBITION ACT, 1961",0,0,0,0,0,0,0,0,0,0,0,0,0,0,0,0,0,0
TAMIL NADU,"DOWRY PROHIBITION ACT, 1961",199,167,40,422,429,101,195,174,87,425,443,148,277,267,212,569,526,386
TRIPURA,"DOWRY PROHIBITION ACT, 1961",1,1,0,1,1,0,0,0,0,0,0,0,0,0,0,0,0,0
UTTAR PRADESH,"DOWRY PROHIBITION ACT, 1961",115,92,195,418,357,714,124,100,228,505,368,840,505,247,73,2244,915,216
UTTARAKHAND,"DOWRY PROHIBITION ACT, 1961",1,0,0,0,0,0,3,4,1,7,7,1,0,0,0,0,0,0
WEST BENGAL,"DOWRY PROHIBITION ACT, 1961",53,52,7,142,140,7,116,100,2,196,184,4,241,166,8,466,444,15
TOTAL (STATES),"DOWRY PROHIBITION ACT, 1961",5156,4584,609,12045,11256,1615,6603,5876,750,12339,11218,2118,9012,6984,673,15748,13929,1534
A & N ISLANDS,"DOWRY PROHIBITION ACT, 1961",0,0,0,0,0,0,0,0,0,0,0,0,0,0,0,0,0,0
CHANDIGARH,"DOWRY PROHIBITION ACT, 1961",0,0,0,0,0,0,1,0,0,1,0,0,0,0,0,0,0,0
D & N HAVELI,"DOWRY PROHIBITION ACT, 1961",0,0,0,0,0,0,0,0,0,0,0,0,0,0,0,0,0,0
DAMAN & DIU,"DOWRY PROHIBITION ACT, 1961",0,0,0,0,0,0,0,0,0,0,0,0,0,0,0,0,0,0
DELHI,"DOWRY PROHIBITION ACT, 1961",15,9,2,6,9,2,7,6,0,6,3,0,15,2,4,11,3,7
LAKSHADWEEP,"DOWRY PROHIBITION ACT, 1961",0,0,0,0,0,0,0,0,0,0,0,0,0,0,0,0,0,0
PUDUCHERRY,"DOWRY PROHIBITION ACT, 1961",11,12,1,29,30,3,8,2,0,26,5,0,11,7,0,27,22,0
TOTAL (UTs),"DOWRY PROHIBITION ACT, 1961",26,21,3,35,39,5,16,8,0,33,8,0,26,9,4,38,25,7
TOTAL (ALL-INDIA),"DOWRY PROHIBITION ACT, 1961",5182,4605,612,12080,11295,1620,6619,5884,750,12372,11226,2118,9038,6993,677,15786,13954,1541
ANDHRA PRADESH,"INDECENT REPRESENTATION OF WOMEN (PROHIBITION) ACT, 1986",753,752,745,804,770,746,314,317,315,323,331,318,21,17,16,26,39,18
ARUNACHAL PRADESH,"INDECENT REPRESENTATION OF WOMEN (PROHIBITION) ACT, 1986",0,0,0,0,0,0,0,0,0,0,0,0,0,0,0,0,0,0
ASSAM,"INDECENT REPRESENTATION OF WOMEN (PROHIBITION) ACT, 1986",0,0,0,0,0,0,1,1,0,1,1,0,3,2,0,3,2,0
BIHAR,"INDECENT REPRESENTATION OF WOMEN (PROHIBITION) ACT, 1986",0,0,0,0,0,0,0,0,0,0,0,0,5,2,0,7,2,0
CHHATTISGARH,"INDECENT REPRESENTATION OF WOMEN (PROHIBITION) ACT, 1986",1,1,1,1,1,1,0,0,0,0,0,0,1,1,0,1,1,0
GOA,"INDECENT REPRESENTATION OF WOMEN (PROHIBITION) ACT, 1986",0,0,0,0,0,0,3,4,0,0,0,0,0,0,0,0,0,0
GUJARAT,"INDECENT REPRESENTATION OF WOMEN (PROHIBITION) ACT, 1986",0,0,0,0,0,0,0,0,0,0,0,0,0,0,4,0,0,4
HARYANA,"INDECENT REPRESENTATION OF WOMEN (PROHIBITION) ACT, 1986",0,0,0,0,0,0,0,0,0,0,0,0,2,2,0,10,10,0
HIMACHAL PRADESH,"INDECENT REPRESENTATION OF WOMEN (PROHIBITION) ACT, 1986",0,0,0,0,0,0,0,0,0,0,0,0,0,0,0,0,0,0
JAMMU & KASHMIR,"INDECENT REPRESENTATION OF WOMEN (PROHIBITION) ACT, 1986",0,0,0,0,0,0,0,0,0,0,0,0,0,0,0,0,0,0
JHARKHAND,"INDECENT REPRESENTATION OF WOMEN (PROHIBITION) ACT, 1986",6,3,0,20,11,0,0,0,0,0,0,0,0,0,0,0,0,0
KARNATAKA,"INDECENT REPRESENTATION OF WOMEN (PROHIBITION) ACT, 1986",0,0,0,0,0,0,2,0,0,0,0,0,0,0,0,0,0,0
KERALA,"INDECENT REPRESENTATION OF WOMEN (PROHIBITION) ACT, 1986",37,38,5,45,44,7,12,10,10,10,12,24,3,6,4,9,11,6
MADHYA PRADESH,"INDECENT REPRESENTATION OF WOMEN (PROHIBITION) ACT, 1986",0,0,0,0,0,0,0,0,0,0,0,0,0,0,0,0,0,0
MAHARASHTRA,"INDECENT REPRESENTATION OF WOMEN (PROHIBITION) ACT, 1986",0,0,0,0,2,0,1,1,0,1,1,0,2,2,0,2,2,0
MANIPUR,"INDECENT REPRESENTATION OF WOMEN (PROHIBITION) ACT, 1986",0,0,0,0,0,0,0,0,0,0,0,0,0,0,0,0,0,0
MEGHALAYA,"INDECENT REPRESENTATION OF WOMEN (PROHIBITION) ACT, 1986",0,0,0,0,0,0,0,0,0,0,0,0,0,0,0,0,0,0
MIZORAM,"INDECENT REPRESENTATION OF WOMEN (PROHIBITION) ACT, 1986",0,0,0,0,0,0,0,0,0,0,0,0,0,0,0,0,0,0
NAGALAND,"INDECENT REPRESENTATION OF WOMEN (PROHIBITION) ACT, 1986",0,0,0,0,0,0,0,0,0,0,0,0,0,0,0,0,0,0
ODISHA,"INDECENT REPRESENTATION OF WOMEN (PROHIBITION) ACT, 1986",0,0,0,0,0,0,1,1,0,1,1,0,1,1,0,1,1,0
PUNJAB,"INDECENT REPRESENTATION OF WOMEN (PROHIBITION) ACT, 1986",0,0,0,0,0,0,0,0,0,0,0,0,0,0,0,0,0,0
RAJASTHAN,"INDECENT REPRESENTATION OF WOMEN (PROHIBITION) ACT, 1986",80,79,25,63,63,27,102,96,43,105,105,47,62,59,44,66,66,67
SIKKIM,"INDECENT REPRESENTATION OF WOMEN (PROHIBITION) ACT, 1986",0,0,0,0,0,0,0,0,0,0,0,0,0,0,0,0,0,0
TAMIL NADU,"INDECENT REPRESENTATION OF WOMEN (PROHIBITION) ACT, 1986",14,5,3,18,10,5,10,8,4,12,13,4,34,24,10,40,28,10
TRIPURA,"INDECENT REPRESENTATION OF WOMEN (PROHIBITION) ACT, 1986",0,0,0,0,0,0,0,0,0,0,0,0,0,0,0,0,0,0
UTTAR PRADESH,"INDECENT REPRESENTATION OF WOMEN (PROHIBITION) ACT, 1986",1,0,0,3,0,0,4,3,0,7,6,0,0,0,1,0,0,3
UTTARAKHAND,"INDECENT REPRESENTATION OF WOMEN (PROHIBITION) ACT, 1986",0,0,0,0,0,0,0,0,0,0,0,0,0,0,0,0,0,0
WEST BENGAL,"INDECENT REPRESENTATION OF WOMEN (PROHIBITION) ACT, 1986",2,2,0,3,5,0,2,1,0,1,1,0,7,6,0,10,12,0
TOTAL (STATES),"INDECENT REPRESENTATION OF WOMEN (PROHIBITION) ACT, 1986",894,880,779,957,906,786,452,442,372,461,471,393,141,122,79,175,174,108
A & N ISLANDS,"INDECENT REPRESENTATION OF WOMEN (PROHIBITION) ACT, 1986",0,0,0,0,0,0,0,0,0,0,0,0,0,0,0,0,0,0
CHANDIGARH,"INDECENT REPRESENTATION OF WOMEN (PROHIBITION) ACT, 1986",0,0,0,0,0,0,0,0,0,0,0,0,0,0,0,0,0,0
D & N HAVELI,"INDECENT REPRESENTATION OF WOMEN (PROHIBITION) ACT, 1986",0,0,0,0,0,0,0,0,0,0,0,0,0,0,0,0,0,0
DAMAN & DIU,"INDECENT REPRESENTATION OF WOMEN (PROHIBITION) ACT, 1986",0,0,0,0,0,0,0,0,0,0,0,0,0,0,0,0,0,0
DELHI,"INDECENT REPRESENTATION OF WOMEN (PROHIBITION) ACT, 1986",0,0,0,0,0,0,1,0,0,0,0,0,0,0,0,0,0,0
LAKSHADWEEP,"INDECENT REPRESENTATION OF WOMEN (PROHIBITION) ACT, 1986",1,1,0,1,1,0,0,0,0,0,0,0,0,0,0,0,0,0
PUDUCHERRY,"INDECENT REPRESENTATION OF WOMEN (PROHIBITION) ACT, 1986",0,0,0,0,0,0,0,0,0,0,0,0,0,0,0,0,0,0
TOTAL (UTs),"INDECENT REPRESENTATION OF WOMEN (PROHIBITION) ACT, 1986",1,1,0,1,1,0,1,0,0,0,0,0,0,0,0,0,0,0
TOTAL (ALL-INDIA),"INDECENT REPRESENTATION OF WOMEN (PROHIBITION) ACT, 1986",895,881,779,958,907,786,453,442,372,461,471,393,141,122,79,175,174,108
ANDHRA PRADESH,"COMMISSION OF SATI (PREVENTION) ACT, 1987",0,0,0,0,0,0,0,0,0,0,0,0,0,0,0,0,0,0
ARUNACHAL PRADESH,"COMMISSION OF SATI (PREVENTION) ACT, 1987",0,0,0,0,0,0,0,0,0,0,0,0,0,0,0,0,0,0
ASSAM,"COMMISSION OF SATI (PREVENTION) ACT, 1987",0,0,0,0,0,0,0,0,0,0,0,0,0,0,0,0,0,0
BIHAR,"COMMISSION OF SATI (PREVENTION) ACT, 1987",0,0,0,0,0,0,0,0,0,0,0,0,0,0,0,0,0,0
CHHATTISGARH,"COMMISSION OF SATI (PREVENTION) ACT, 1987",0,0,0,0,0,0,0,0,0,0,0,0,0,0,0,0,0,0
GOA,"COMMISSION OF SATI (PREVENTION) ACT, 1987",0,0,0,0,0,0,0,0,0,0,0,0,0,0,0,0,0,0
GUJARAT,"COMMISSION OF SATI (PREVENTION) ACT, 1987",0,0,0,0,0,0,0,0,0,0,0,0,0,0,0,0,0,0
HARYANA,"COMMISSION OF SATI (PREVENTION) ACT, 1987",0,0,0,0,0,0,0,0,0,0,0,0,0,0,0,0,0,0
HIMACHAL PRADESH,"COMMISSION OF SATI (PREVENTION) ACT, 1987",0,0,0,0,0,0,0,0,0,0,0,0,0,0,0,0,0,0
JAMMU & KASHMIR,"COMMISSION OF SATI (PREVENTION) ACT, 1987",0,0,0,0,0,0,1,0,0,0,0,0,0,0,0,0,0,0
JHARKHAND,"COMMISSION OF SATI (PREVENTION) ACT, 1987",0,0,0,0,0,0,0,0,0,0,0,0,0,0,0,0,0,0
KARNATAKA,"COMMISSION OF SATI (PREVENTION) ACT, 1987",0,0,0,0,0,0,0,0,0,0,0,0,0,0,0,0,0,0
KERALA,"COMMISSION OF SATI (PREVENTION) ACT, 1987",0,0,0,0,0,0,0,0,0,0,0,0,0,0,0,0,0,0
MADHYA PRADESH,"COMMISSION OF SATI (PREVENTION) ACT, 1987",0,0,0,0,0,0,0,0,0,0,0,0,0,0,0,0,0,0
MAHARASHTRA,"COMMISSION OF SATI (PREVENTION) ACT, 1987",0,0,0,0,0,0,0,0,0,0,0,0,0,0,0,0,0,0
MANIPUR,"COMMISSION OF SATI (PREVENTION) ACT, 1987",0,0,0,0,0,0,0,0,0,0,0,0,0,0,0,0,0,0
MEGHALAYA,"COMMISSION OF SATI (PREVENTION) ACT, 1987",0,0,0,0,0,0,0,0,0,0,0,0,0,0,0,0,0,0
MIZORAM,"COMMISSION OF SATI (PREVENTION) ACT, 1987",0,0,0,0,0,0,0,0,0,0,0,0,0,0,0,0,0,0
NAGALAND,"COMMISSION OF SATI (PREVENTION) ACT, 1987",0,0,0,0,0,0,0,0,0,0,0,0,0,0,0,0,0,0
ODISHA,"COMMISSION OF SATI (PREVENTION) ACT, 1987",0,0,0,0,0,0,0,0,0,0,0,0,0,0,0,0,0,0
PUNJAB,"COMMISSION OF SATI (PREVENTION) ACT, 1987",0,0,0,0,0,0,0,0,0,0,0,0,0,0,0,0,0,0
RAJASTHAN,"COMMISSION OF SATI (PREVENTION) ACT, 1987",0,0,0,0,0,0,0,0,0,0,0,0,0,0,0,0,0,0
SIKKIM,"COMMISSION OF SATI (PREVENTION) ACT, 1987",0,0,0,0,0,0,0,0,0,0,0,0,0,0,0,0,0,0
TAMIL NADU,"COMMISSION OF SATI (PREVENTION) ACT, 1987",0,0,0,0,0,0,0,0,0,0,0,0,0,0,0,0,0,0
TRIPURA,"COMMISSION OF SATI (PREVENTION) ACT, 1987",0,0,0,0,0,0,0,0,0,0,0,0,0,0,0,0,0,0
UTTAR PRADESH,"COMMISSION OF SATI (PREVENTION) ACT, 1987",0,0,0,0,0,0,0,0,0,0,0,0,0,0,0,0,0,0
UTTARAKHAND,"COMMISSION OF SATI (PREVENTION) ACT, 1987",0,0,0,0,0,0,0,0,0,0,0,0,0,0,0,0,0,0
WEST BENGAL,"COMMISSION OF SATI (PREVENTION) ACT, 1987",0,0,0,0,0,0,0,0,0,0,0,0,0,0,0,0,0,0
TOTAL (STATES),"COMMISSION OF SATI (PREVENTION) ACT, 1987",0,0,0,0,0,0,1,0,0,0,0,0,0,0,0,0,0,0
A & N ISLANDS,"COMMISSION OF SATI (PREVENTION) ACT, 1987",0,0,0,0,0,0,0,0,0,0,0,0,0,0,0,0,0,0
CHANDIGARH,"COMMISSION OF SATI (PREVENTION) ACT, 1987",0,0,0,0,0,0,0,0,0,0,0,0,0,0,0,0,0,0
D & N HAVELI,"COMMISSION OF SATI (PREVENTION) ACT, 1987",0,0,0,0,0,0,0,0,0,0,0,0,0,0,0,0,0,0
DAMAN & DIU,"COMMISSION OF SATI (PREVENTION) ACT, 1987",0,0,0,0,0,0,0,0,0,0,0,0,0,0,0,0,0,0
DELHI,"COMMISSION OF SATI (PREVENTION) ACT, 1987",0,0,0,0,0,0,0,0,0,0,0,0,0,0,0,0,0,0
LAKSHADWEEP,"COMMISSION OF SATI (PREVENTION) ACT, 1987",0,0,0,0,0,0,0,0,0,0,0,0,0,0,0,0,0,0
PUDUCHERRY,"COMMISSION OF SATI (PREVENTION) ACT, 1987",0,0,0,0,0,0,0,0,0,0,0,0,0,0,0,0,0,0
TOTAL (UTs),"COMMISSION OF SATI (PREVENTION) ACT, 1987",0,0,0,0,0,0,0,0,0,0,0,0,0,0,0,0,0,0
TOTAL (ALL-INDIA),"COMMISSION OF SATI (PREVENTION) ACT, 1987",0,0,0,0,0,0,1,0,0,0,0,0,0,0,0,0,0,0
ANDHRA PRADESH,TOTAL CRIMES AGAINST WOMEN,27244,23851,3166,38570,39417,4472,28246,22550,2243,37766,36275,4366,28171,22524,2086,39288,39191,3527
ARUNACHAL PRADESH,TOTAL CRIMES AGAINST WOMEN,190,117,11,197,138,12,171,114,15,199,130,17,201,127,24,202,130,24
ASSAM,TOTAL CRIMES AGAINST WOMEN,11555,6293,522,12996,7496,833,11503,6037,762,11241,6953,739,13544,7524,430,12346,7694,637
BIHAR,TOTAL CRIMES AGAINST WOMEN,8471,5281,861,13134,12422,1554,10231,8519,1031,18157,15563,1776,11229,8970,682,20147,19282,1317
CHHATTISGARH,TOTAL CRIMES AGAINST WOMEN,4176,3917,860,6577,6481,1343,4219,4054,842,6423,6447,1227,4228,4108,1050,6594,6566,1605
GOA,TOTAL CRIMES AGAINST WOMEN,140,127,13,214,217,16,127,109,12,159,155,12,200,82,6,286,127,7
GUJARAT,TOTAL CRIMES AGAINST WOMEN,8148,7690,228,20459,20277,974,8815,8334,157,22223,22232,346,9561,9017,199,23965,23525,434
HARYANA,TOTAL CRIMES AGAINST WOMEN,5562,3960,903,7540,7232,1712,5491,3908,952,6696,6725,1369,6002,4314,852,7264,7429,1266
HIMACHAL PRADESH,TOTAL CRIMES AGAINST WOMEN,1028,817,51,1481,1464,97,997,764,72,1268,1219,110,912,745,72,1325,1317,107
JAMMU & KASHMIR,TOTAL CRIMES AGAINST WOMEN,2611,1813,145,3569,3544,215,3146,2514,143,5098,5089,194,3328,2639,219,5204,5203,338
JHARKHAND,TOTAL CRIMES AGAINST WOMEN,3087,2607,618,5172,6031,1156,3132,2451,719,4873,4526,1212,4536,3234,764,6549,5720,1152
KARNATAKA,TOTAL CRIMES AGAINST WOMEN,8807,7282,511,15179,13880,868,9594,7957,488,16084,15509,866,10366,8174,378,16680,15849,859
KERALA,TOTAL CRIMES AGAINST WOMEN,9463,8871,637,13253,13471,886,11288,9532,580,13964,13303,1309,10930,10377,610,13517,13187,862
MADHYA PRADESH,TOTAL CRIMES AGAINST WOMEN,16468,16083,4177,27814,27837,7525,16599,16100,5027,27818,27830,7530,16832,16687,3181,29247,29234,5529
MAHARASHTRA,TOTAL CRIMES AGAINST WOMEN,15737,14661,565,40377,39236,1073,15728,14129,625,39643,39545,1074,16353,14746,598,41048,39535,1047
MANIPUR,TOTAL CRIMES AGAINST WOMEN,190,6,1,141,7,1,247,6,4,170,6,12,304,25,0,202,28,0
MEGHALAYA,TOTAL CRIMES AGAINST WOMEN,261,133,7,228,130,8,269,158,4,258,164,8,255,147,9,271,160,9
MIZORAM,TOTAL CRIMES AGAINST WOMEN,170,171,159,194,210,250,167,139,84,149,143,75,199,187,118,215,185,118
NAGALAND,TOTAL CRIMES AGAINST WOMEN,41,39,33,66,54,18,38,32,34,49,39,62,51,41,22,75,69,58
ODISHA,TOTAL CRIMES AGAINST WOMEN,8501,8635,485,16112,16298,932,9433,8999,564,14122,14096,954,11988,10628,653,17183,17142,974
PUNJAB,TOTAL CRIMES AGAINST WOMEN,2853,1932,497,4646,4367,1084,2641,1800,448,4436,3885,893,3238,1842,388,5048,3439,904
RAJASTHAN,TOTAL CRIMES AGAINST WOMEN,18182,10232,2072,15335,15321,3720,19888,10998,2355,16764,16600,3884,21106,11388,2761,17095,17087,4582
SIKKIM,TOTAL CRIMES AGAINST WOMEN,42,58,6,68,57,5,55,38,18,59,42,24,68,51,11,69,47,35
TAMIL NADU,TOTAL CRIMES AGAINST WOMEN,6708,4780,1749,9649,8841,2809,6940,4342,1316,9727,7774,2084,7192,4967,1060,10913,9393,2046
TRIPURA,TOTAL CRIMES AGAINST WOMEN,1678,1360,95,2127,1611,144,1358,1426,89,2676,1975,112,1559,1415,279,1946,2088,349
UTTAR PRADESH,TOTAL CRIMES AGAINST WOMEN,20169,14401,10307,58330,41235,27706,22639,16464,10204,72153,44183,25343,23569,15262,5757,77745,43775,12971
UTTARAKHAND,TOTAL CRIMES AGAINST WOMEN,1074,864,499,1750,1683,1075,996,742,305,1344,1402,569,1067,794,607,1420,1343,813
WEST BENGAL,TOTAL CRIMES AGAINST WOMEN,26125,23528,435,26549,28005,628,29133,23440,448,26320,24842,758,30942,30627,607,34023,33694,915
TOTAL (STATES),TOTAL CRIMES AGAINST WOMEN,208681,169509,29613,341727,316962,61116,223091,175656,29541,359839,316652,56925,237931,190642,23423,389867,342439,42485
A & N ISLANDS,TOTAL CRIMES AGAINST WOMEN,85,68,0,131,112,0,51,55,1,86,95,1,49,42,5,73,73,5
CHANDIGARH,TOTAL CRIMES AGAINST WOMEN,141,90,44,138,124,57,156,103,24,128,92,36,241,190,23,268,265,38
D & N HAVELI,TOTAL CRIMES AGAINST WOMEN,30,17,6,46,31,8,18,17,1,14,24,1,16,20,3,30,38,4
DAMAN & DIU,TOTAL CRIMES AGAINST WOMEN,14,11,0,51,42,0,11,6,1,55,30,1,11,14,1,45,54,1
DELHI,TOTAL CRIMES AGAINST WOMEN,4518,2428,586,3040,2852,997,5234,2953,687,3475,3104,1075,5959,3061,1176,3981,3397,1771
LAKSHADWEEP,TOTAL CRIMES AGAINST WOMEN,1,1,0,1,1,0,0,1,2,0,1,2,2,0,0,1,0,0
PUDUCHERRY,TOTAL CRIMES AGAINST WOMEN,115,109,21,205,203,48,89,58,9,205,130,27,61,52,9,110,103,26
TOTAL (UTs),TOTAL CRIMES AGAINST WOMEN,4904,2724,657,3612,3365,1110,5559,3193,725,3963,3476,1143,6339,3379,1217,4508,3930,1845
TOTAL (ALL-INDIA),TOTAL CRIMES AGAINST WOMEN,213585,172233,30270,345339,320327,62226,228650,178849,30266,363802,320128,58068,244270,194021,24640,394375,346369,44330
